SpeciesBROAD	BodyMass_kg	zvalues
Aotus_azarae	1.21	-0.359707707499152
Aotus_trivirgatus	0.77	-0.403560105542987
Macaca_siberu	6.165	0.134130093199042
Macaca_nemestrina	8.89	0.405715967447797
Macaca_leonina	6.7	0.187450622638706
Macaca_silenus	7.5	0.26718225544568
Macaca_tonkeana	11.95	0.710689462934471
Macaca_maura	7.88	0.305054781028992
Macaca_nigra	7.68	0.285121872827249
Macaca_fascicularis	4.03	-0.0786537018545692
Macaca_fuscata	9.5	0.466511337463114
Macaca_cyclopis	5.47	0.0648632371979835
Macaca_mulatta	5.96	0.113698862292255
Macaca_assamensis	9	0.416679066958755
Macaca_arctoides	10.3	0.546242970270088
Macaca_radiata	5.14	0.0319739386651068
Macaca_thibetana	15.55	1.06948181056585
Papio_hamadryas	13.4	0.855203047397111
Papio_anubis	16.65	1.17911280567544
Papio_papio	17.5	1.26382766553285
Papio_cynocephalus	17.05	1.21897862207893
Papio_ursinus	22.3	1.74221746237469
Papio_kindae	13	0.815337230993624
Lophocebus_aterrimus	6.8	0.197417076739577
Theropithecus_gelada	15.35	1.04954890236411
Mandrillus_leucophaeus	20.375	1.55036322093291
Mandrillus_sphinx	23.6	1.87178136568603
Cercocebus_chrysogaster	9.75	0.491427472715293
Cercocebus_lunulatus	7.28	0.245256056423762
Cercocebus_torquatus	7.5	0.26718225544568
Miopithecus_ogouensis	1.25	-0.355721125858803
Cercopithecus_hamlyni	4.43	-0.0387878854510824
Cercopithecus_petaurista	3.65	-0.116526227437882
Cercopithecus_ascanius	3.24	-0.157388689251456
Cercopithecus_cephus	3.48	-0.133469199409364
Cercopithecus_nictitans	5.46	0.0638665917878964
Cercopithecus_mitis	4.89	0.00705780341292753
Cercopithecus_neglectus	5.74	0.0917726632703372
Cercopithecus_pogonias	3.58	-0.123502745308492
Cercopithecus_lowei	3.9	-0.0916100921857025
Cercopithecus_mona	4.05	-0.0766604110343949
Cercopithecus_diana	4.5	-0.0318113675804722
Cercopithecus_roloway	4.55	-0.0268281405300363
Allenopithecus_nigroviridis	5.3	0.0479202652265016
Erythrocebus_patas	9.45	0.461528110412678
Chlorocebus_pygerythrus	4.665	-0.0153667183140338
Allochrocebus_solatus	6.35	0.152568033285655
Allochrocebus_preussi	4.525	-0.0293197540552542
Allochrocebus_lhoesti	5.5	0.0678531734282451
Trachypithecus_germaini	8.83	0.399736094987274
Trachypithecus_cristatus	6.25	0.142601579184783
Trachypithecus_phayrei	7.44	0.261202382985157
Trachypithecus_obscurus	6.99	0.216353339531234
Trachypithecus_crepusculus	6.65	0.18246739558827
Trachypithecus_hatinhensis	7.275	0.244757733718718
Trachypithecus_laotum	7	0.217349984941321
Trachypithecus_francoisi	7.52	0.269175546265854
Trachypithecus_leucocephalus	8.285	0.345418920137523
Trachypithecus_geei	10.15	0.53129328911878
Trachypithecus_pileatus	10.93	0.60903163110558
Semnopithecus_vetulus	7.03	0.220339921171582
Semnopithecus_johnii	11.6	0.67580687358142
Semnopithecus_entellus	11.44	0.659860547020026
Semnopithecus_schistaceus	17	1.21399539502849
Semnopithecus_hypoleucos	13.1	0.825303685094496
Nasalis_larvatus	15.75	1.0894147187676
Pygathrix_nigripes	9.88	0.504383863046427
Pygathrix_nemaeus	9.72	0.488437536485032
Pygathrix_cinerea	9.98	0.514350317147298
Rhinopithecus_bieti	12.48	0.763511669669091
Rhinopithecus_roxellana	14.75	0.98975017775888
Presbytis_mitrata	5.8	0.0977525357308602
Presbytis_comata	6.7	0.187450622638706
Piliocolobus_badius	8.25	0.341930661202217
Piliocolobus_tephrosceles	8.75	0.391762931706576
Piliocolobus_gordonorum	7.05	0.222333211991757
Piliocolobus_kirkii	6.9	0.207383530840449
Colobus_angolensis	8.6	0.376813250555268
Colobus_polykomos	9.1	0.426645521059627
Colobus_guereza	8.89	0.405715967447797
Pan_troglodytes	53.7	4.87168405004842
Pan_paniscus	39.1	3.41658175132114
Gorilla_beringei	130	12.4760885290135
Gorilla_gorilla	122.5	11.7286044714482
Pongo_pygmaeus	57.15	5.21552671652849
Pongo_abelii	56.75	5.175660900125
Hoolock_hoolock	6.88	0.205390240020275
Hylobates_lar	5.64	0.0818062091694655
Hylobates_klossii	5.8	0.0977525357308602
Hylobates_agilis	6	0.117685443932604
Hylobates_muelleri	5.35	0.0529034922769375
Hylobates_abbotti	5.95	0.112702216882168
Nomascus_concolor	7.69	0.286118518237336
Nomascus_gabriellae	5.2	0.0379538111256299
Nomascus_annamensis	7	0.217349984941321
Nomascus_siki	7.56	0.273162127906203
Eulemur_rubriventer	1.9975	-0.281221881454787
Eulemur_mongoz	1.375	-0.343263058232714
Eulemur_albifrons	2.04	-0.276986138461917
Eulemur_sanfordi	1.87	-0.293929110433398
Eulemur_fulvus	1.84	-0.29691904666366
Eulemur_rufus	2.01	-0.279976074692178
Eulemur_collaris	2.16	-0.26502639354087
Eulemur_coronatus	1.47	-0.333794926836885
Eulemur_macaco	2.063	-0.274693854018716
Eulemur_flavifrons	1.83	-0.297915692073747
Lemur_catta	2.21	-0.260043166490435
Prolemur_simus	1.98	-0.28296601092244
Hapalemur_occidentalis	0.9315	-0.38746428217008
Hapalemur_alaotrensis	1.24	-0.35671777126889
Hapalemur_griseus	0.823	-0.398277884869525
Hapalemur_meridionalis	0.96	-0.384623842751331
Varecia_rubra	3.265	-0.154897075726238
Varecia_variegata	3.55	-0.126492681538754
Indri_indri	6.465	0.164029455501657
Avahi_laniger	1.175	-0.363195966434457
Avahi_peyrierasi	1.055	-0.375155711355503
Propithecus_coronatus	3.9	-0.0916100921857025
Propithecus_tattersalli	3.5	-0.131475908589189
Propithecus_coquereli	3.785	-0.103071514401705
Propithecus_verreauxi	2.91	-0.190277987784333
Propithecus_edwardsi	5.74	0.0917726632703372
Propithecus_diadema	6.105	0.128150220738519
Propithecus_perrieri	4.41	-0.0407811762712567
Cheirogaleus_major	0.505	-0.429971208910298
Cheirogaleus_medius	0.176	-0.462760842902166
Mirza_zaza	0.29	-0.451399085227172
Microcebus_murinus	0.06	-0.474321929659177
Lepilemur_ruficaudatus	0.78	-0.4025634601329
Lepilemur_dorsalis	0.795	-0.40106849201777
Lepilemur_ankaranensis	0.76	-0.404556750953075
Lepilemur_septentrionalis	0.6275	-0.41776230263673
Daubentonia_madagascariensis	2.545	-0.226655545252514
Nycticebus_pygmaeus	0.42	-0.438442694896039
Nycticebus_coucang	0.65	-0.415519850464034
Nycticebus_bengalensis	1.26	-0.354724480448716
Loris_tardigradus	0.19	-0.461365539328043
Loris_lydekkerianus	0.27	-0.453392376047346
Arctocebus_calabarensis	0.31	-0.449405794406997
Perodicticus_ibeanus	0.861	-0.394490632311194
Perodicticus_potto	0.83	-0.397580233082464
Galagoides_demidovii	0.06	-0.474321929659177
Galago_senegalensis	0.25	-0.45538566686752
Galago_moholi	0.2	-0.460368893917956
Otolemur_crassicaudatus	1.15	-0.365687579959675
Otolemur_garnettii	0.76	-0.404556750953075
Tarsius_lariang	0.11	-0.469338702608741
Tarsius_wallacei	0.107	-0.469637696231767
Tarsius_bancanus	0.12	-0.468342057198654
Carlito_syrichta	0.13	-0.467345411788567
Cacajao_calvus	3.17	-0.164365207122066
Cacajao_melanocephalus	2.94	-0.187288051554071
Chiropotes_albinasus	2.82	-0.199247796475117
Chiropotes_sagulatus	3	-0.181308179093548
Pithecia_chrysocephala	1.9	-0.290939174203137
Pithecia_albicans	3	-0.181308179093548
Plecturocebus_caligatus	1	-0.380637261110983
Plecturocebus_brunneus	0.83	-0.397580233082464
Plecturocebus_cupreus	1.07	-0.373660743240372
Plecturocebus_bernhardi	0.95	-0.385620488161418
Plecturocebus_moloch	0.99	-0.38163390652107
Plecturocebus_hoffmansi	1.06	-0.37465738865046
Plecturocebus_miltoni	1.34	-0.346751317168019
Plecturocebus_cinerascens	0.74	-0.406550041773249
Cheracebus_lugens	1.37	-0.343761380937757
Cheracebus_lucifer	1.5	-0.330804990606624
Cheracebus_torquatus	1.25	-0.355721125858803
Cheracebus_regulus	1.25	-0.355721125858803
Alouatta_palliata	6.12	0.12964518885365
Alouatta_caraya	5.38	0.055893428507199
Alouatta_seniculus	6.01	0.118682089342691
Alouatta_nigerrima	6.45	0.162534487386526
Alouatta_macconnelli	6.37	0.154561324105829
Alouatta_belzebul	6.4	0.157551260336091
Alouatta_discolor	6.37	0.154561324105829
Lagothrix_lagotricha	7.15	0.232299666092629
Ateles_geoffroyi	7.54	0.271168837086028
Ateles_paniscus	8.28	0.344920597432479
Ateles_belzebuth	8.07	0.323991043820648
Ateles_marginatus	6.96	0.213363403300972
Ateles_chamek	9.37	0.453554947131981
Cebus_olivaceus	2.88	-0.193267924014594
Cebus_unicolor	2.74	-0.207220959755814
Cebus_albifrons	2.74	-0.207220959755814
Sapajus_macrocephalus	3.05	-0.176324952043112
Sapajus_apella	3.01	-0.180311533683461
Saimiri_oerstedii	0.79	-0.401566814722813
Saimiri_ustus	0.86	-0.394590296852203
Saimiri_sciureus	0.82	-0.398576878492552
Saimiri_macrodon	0.99	-0.38163390652107
Saimiri_cassiquiarensis	0.88	-0.392597006032029
Callimico_goeldii	0.48	-0.432462822435516
Cebuella_pygmaea	0.12	-0.468342057198654
Callibella_humilis	0.12	-0.468342057198654
Mico_humeralifer	0.42	-0.438442694896039
Mico_argentatus	0.35	-0.445419212766649
Callithrix_geoffroyi	0.24	-0.456382312277608
Callithrix_kuhlii	0.38	-0.442429276536387
Callithrix_jacchus	0.32	-0.44840914899691
Leontopithecus_chrysomelas	0.58	-0.422496368334644
Leontopithecus_rosalia	0.64	-0.416516495874121
Saguinus_oedipus	0.41	-0.439439340306126
Saguinus_geoffroyi	0.49	-0.431466177025428
Saguinus_bicolor	0.43	-0.437446049485951
Saguinus_midas	0.56	-0.424489659154818
Saguinus_imperator	0.47	-0.433459467845603
Saguinus_inustus	0.69	-0.411533268823685
Saguinus_mystax	0.53	-0.42747959538508
Saguinus_labiatus	0.51	-0.429472886205254
Leontocebus_nigricollis	0.48	-0.432462822435516
Leontocebus_illigeri	0.29	-0.451399085227172
Leontocebus_fuscicolis	0.33	-0.447412503586823
Aotus_vociferans	0.7	-0.410536623413598
Aotus_griseimembra	0.51	-0.429472886205254
