trait	observations	unique_numeric_values	unique_ratio	redundancy	status	reason
GroupName	526	0	0.000000	1.000000	EXCLUDED	non_numeric
LitterSz	166	36	0.216867	0.783133	EXCLUDED	redundancy_at_or_above_threshold
Body_mass	192	187	0.973958	0.026042	INCLUDED	passes_all_filters
Brain_mass	192	191	0.994792	0.005208	INCLUDED	passes_all_filters
Colour_vision	396	0	0.000000	1.000000	EXCLUDED	non_numeric
Social_organization	354	0	0.000000	1.000000	EXCLUDED	non_numeric
Coenspecific_violence	148	111	0.750000	0.250000	EXCLUDED	redundancy_at_or_above_threshold
Paternal_care	200	0	0.000000	1.000000	EXCLUDED	non_numeric
Female_Ranging_patterns	192	0	0.000000	1.000000	EXCLUDED	non_numeric
Infanticide	169	0	0.000000	1.000000	EXCLUDED	non_numeric
Mating_system	197	0	0.000000	1.000000	EXCLUDED	non_numeric
Gestation_length	136	74	0.544118	0.455882	EXCLUDED	redundancy_at_or_above_threshold
Weaning_age	114	73	0.640351	0.359649	EXCLUDED	redundancy_at_or_above_threshold
Weaning_prop	106	43	0.405660	0.594340	EXCLUDED	redundancy_at_or_above_threshold
Seasonal_breeders	139	0	0.000000	1.000000	EXCLUDED	non_numeric
BodyMass_kg	465	331	0.711828	0.288172	EXCLUDED	redundancy_at_or_above_threshold
BodyMassMale_kg	372	310	0.833333	0.166667	EXCLUDED	redundancy_at_or_above_threshold
BodyMassFemale_kg	362	303	0.837017	0.162983	EXCLUDED	redundancy_at_or_above_threshold
DielActivity	504	0	0.000000	1.000000	EXCLUDED	non_numeric
TrophicGuild	425	0	0.000000	1.000000	EXCLUDED	non_numeric
Locomotion	497	0	0.000000	1.000000	EXCLUDED	non_numeric
IUCN_ER	456	5	0.010965	0.989035	EXCLUDED	redundancy_at_or_above_threshold
IUCN_Pop_Trend	395	3	0.007595	0.992405	EXCLUDED	redundancy_at_or_above_threshold
Habitat	480	0	0.000000	1.000000	EXCLUDED	non_numeric
BrainSizeSpeciesMean	171	170	0.994152	0.005848	INCLUDED	passes_all_filters
BrainSizeFemaleMean	165	162	0.981818	0.018182	INCLUDED	passes_all_filters
Body.MassMaleMean	195	185	0.948718	0.051282	INCLUDED	passes_all_filters
BodyMassFemaleMean	195	190	0.974359	0.025641	INCLUDED	passes_all_filters
MassDimorphism	195	171	0.876923	0.123077	EXCLUDED	redundancy_at_or_above_threshold
MeanGroupSize	153	98	0.640523	0.359477	EXCLUDED	redundancy_at_or_above_threshold
AdultMales	145	51	0.351724	0.648276	EXCLUDED	redundancy_at_or_above_threshold
AdultFemale	145	75	0.517241	0.482759	EXCLUDED	redundancy_at_or_above_threshold
AdultSexRatio	129	86	0.666667	0.333333	EXCLUDED	redundancy_at_or_above_threshold
InterbirthInterval_days	110	79	0.718182	0.281818	EXCLUDED	redundancy_at_or_above_threshold
Gestation	138	90	0.652174	0.347826	EXCLUDED	redundancy_at_or_above_threshold
WeaningAge_d	118	104	0.881356	0.118644	EXCLUDED	redundancy_at_or_above_threshold
MaxLongevity_m	147	93	0.632653	0.367347	EXCLUDED	redundancy_at_or_above_threshold
GR_MidRangeLat_dd	175	172	0.982857	0.017143	INCLUDED	passes_all_filters
Precip_Mean_mm	175	175	1.000000	0.000000	INCLUDED	passes_all_filters
Temp_Mean_degC	175	79	0.451429	0.548571	EXCLUDED	redundancy_at_or_above_threshold
AET_Mean_mm	175	173	0.988571	0.011429	INCLUDED	passes_all_filters
PET_Mean_mm	175	169	0.965714	0.034286	INCLUDED	passes_all_filters
HomeRange_km2	148	99	0.668919	0.331081	EXCLUDED	redundancy_at_or_above_threshold
DayLength_km	109	75	0.688073	0.311927	EXCLUDED	redundancy_at_or_above_threshold
Territoriality	104	104	1.000000	0.000000	INCLUDED	passes_all_filters
Fruit	115	102	0.886957	0.113043	EXCLUDED	redundancy_at_or_above_threshold
Leaves	117	94	0.803419	0.196581	EXCLUDED	redundancy_at_or_above_threshold
Fauna	93	45	0.483871	0.516129	EXCLUDED	redundancy_at_or_above_threshold
CanineDimorphism	121	117	0.966942	0.033058	INCLUDED	passes_all_filters
Feed	72	63	0.875000	0.125000	EXCLUDED	redundancy_at_or_above_threshold
Move	70	65	0.928571	0.071429	INCLUDED	passes_all_filters
Rest	70	67	0.957143	0.042857	INCLUDED	passes_all_filters
Social	77	63	0.818182	0.181818	EXCLUDED	redundancy_at_or_above_threshold
Mating.System	141	0	0.000000	1.000000	EXCLUDED	non_numeric
SocialSystem	214	0	0.000000	1.000000	EXCLUDED	non_numeric
NatalDispersal	189	0	0.000000	1.000000	EXCLUDED	non_numeric
StableGroups	144	0	0.000000	1.000000	EXCLUDED	non_numeric
Body.mass..g.	116	115	0.991379	0.008621	INCLUDED	passes_all_filters
Endocranial.volume..cm3.	116	109	0.939655	0.060345	INCLUDED	passes_all_filters
Neonatal.mass..g.	86	83	0.965116	0.034884	INCLUDED	passes_all_filters
Offspring.per.litter	86	30	0.348837	0.651163	EXCLUDED	redundancy_at_or_above_threshold
Interbirth.interval..days.	114	81	0.710526	0.289474	EXCLUDED	redundancy_at_or_above_threshold
Gestation..days.	143	79	0.552448	0.447552	EXCLUDED	redundancy_at_or_above_threshold
Lactation..days.	125	84	0.672000	0.328000	EXCLUDED	redundancy_at_or_above_threshold
Age.of.female.at.first.reproduction..y.	101	70	0.693069	0.306931	EXCLUDED	redundancy_at_or_above_threshold
Maximum.lifespan..y.	163	111	0.680982	0.319018	EXCLUDED	redundancy_at_or_above_threshold
Maximum.possible.reproductive.success.under.optimal.conditions..rmax.	86	79	0.918605	0.081395	INCLUDED	passes_all_filters
SocialMatingSystem	100	0	0.000000	1.000000	EXCLUDED	non_numeric
Monopolization	100	0	0.000000	1.000000	EXCLUDED	non_numeric
FemalesPerMaleInBreedingGroup	35	17	0.485714	0.514286	EXCLUDED	redundancy_at_or_above_threshold
MalesPerBreedingGroup	53	25	0.471698	0.528302	EXCLUDED	redundancy_at_or_above_threshold
SocialGroupSize	102	86	0.843137	0.156863	EXCLUDED	redundancy_at_or_above_threshold
MaleBodyMass.SexSzeDimorphismDataset..in.g	100	95	0.950000	0.050000	INCLUDED	passes_all_filters
FemaleBodyMass.SexSizeDimorphismDataset..in.g	100	95	0.950000	0.050000	INCLUDED	passes_all_filters
SexualSizeDimorphism	102	94	0.921569	0.078431	INCLUDED	passes_all_filters
MaleCanineHeight.in.mm	102	99	0.970588	0.029412	INCLUDED	passes_all_filters
FemaleCanineHeight.in.mm	102	93	0.911765	0.088235	INCLUDED	passes_all_filters
SexualCanineDimorphism	102	98	0.960784	0.039216	INCLUDED	passes_all_filters
MaleBodyMass.CanineDataset..in.g	102	98	0.960784	0.039216	INCLUDED	passes_all_filters
CombinedTestesMass.in.g	63	63	1.000000	0.000000	INCLUDED	passes_all_filters
MaleBodyMass.TestesDataset..in.g	65	63	0.969231	0.030769	INCLUDED	passes_all_filters
meanMaleBodyMass.in.g	102	101	0.990196	0.009804	INCLUDED	passes_all_filters
HeadFlesh	102	3	0.029412	0.970588	EXCLUDED	redundancy_at_or_above_threshold
HeadSkin	102	2	0.019608	0.980392	EXCLUDED	redundancy_at_or_above_threshold
HeadHair	102	3	0.029412	0.970588	EXCLUDED	redundancy_at_or_above_threshold
BodyFlesh	102	2	0.019608	0.980392	EXCLUDED	redundancy_at_or_above_threshold
BodySkin	102	2	0.019608	0.980392	EXCLUDED	redundancy_at_or_above_threshold
BodyHair	102	3	0.029412	0.970588	EXCLUDED	redundancy_at_or_above_threshold
BodyPelageDichrom	102	2	0.019608	0.980392	EXCLUDED	redundancy_at_or_above_threshold
GenitalFlesh	102	2	0.019608	0.980392	EXCLUDED	redundancy_at_or_above_threshold
GenitalSkin	102	3	0.029412	0.970588	EXCLUDED	redundancy_at_or_above_threshold
GenitalHair	102	3	0.029412	0.970588	EXCLUDED	redundancy_at_or_above_threshold
SexualOrnamentDimorphism..ExcludingDichromatism.	102	8	0.078431	0.921569	EXCLUDED	redundancy_at_or_above_threshold
SexualOrnamentDimorphism	102	8	0.078431	0.921569	EXCLUDED	redundancy_at_or_above_threshold
TotalOrnamentDimorphism	102	17	0.166667	0.833333	EXCLUDED	redundancy_at_or_above_threshold
BasalMetabolicRate_ml_O2.h	44	44	1.000000	0.000000	INCLUDED	passes_all_filters
RestingMetabolicRate_kcal.day	40	39	0.975000	0.025000	INCLUDED	passes_all_filters
R_Ratio_MtoF_DLCBirths	25	25	1.000000	0.000000	INCLUDED	passes_all_filters
R_Mean_LitterSize	25	22	0.880000	0.120000	EXCLUDED	redundancy_at_or_above_threshold
R_MostCommon_LitterSize	25	0	0.000000	1.000000	EXCLUDED	non_numeric
R_Freq_MostCommon_LitterSize	25	22	0.880000	0.120000	EXCLUDED	redundancy_at_or_above_threshold
R_Min_LitterSize	25	1	0.040000	0.960000	EXCLUDED	redundancy_at_or_above_threshold
R_Max_LitterSize	25	5	0.200000	0.800000	EXCLUDED	redundancy_at_or_above_threshold
R_Expected_Gestation_d	25	18	0.720000	0.280000	EXCLUDED	redundancy_at_or_above_threshold
R_Pattern_Breeding	25	0	0.000000	1.000000	EXCLUDED	non_numeric
R_Peak_Breeding_Month	25	7	0.280000	0.720000	EXCLUDED	redundancy_at_or_above_threshold
R_Peak_Birth_Month	25	7	0.280000	0.720000	EXCLUDED	redundancy_at_or_above_threshold
R_Min_Dam_AgeAtConcep_y	25	25	1.000000	0.000000	INCLUDED	passes_all_filters
R_Min_Sire_AgeAtConcep_y	25	25	1.000000	0.000000	INCLUDED	passes_all_filters
R_Max_Dam_AgeAtConcep_y	25	25	1.000000	0.000000	INCLUDED	passes_all_filters
R_Max_Sire_AgeAtConcep_y	25	25	1.000000	0.000000	INCLUDED	passes_all_filters
M_Mean_All_AdultWeight_g	25	25	1.000000	0.000000	INCLUDED	passes_all_filters
M_Min_All_AdultWeight_g	25	25	1.000000	0.000000	INCLUDED	passes_all_filters
M_Max_All_AdultWeight_g	25	25	1.000000	0.000000	INCLUDED	passes_all_filters
M_Mean_M_AdultWeight_g	25	25	1.000000	0.000000	INCLUDED	passes_all_filters
M_Min_M_AdultWeight_g	25	25	1.000000	0.000000	INCLUDED	passes_all_filters
M_Max_M_AdultWeight_g	25	25	1.000000	0.000000	INCLUDED	passes_all_filters
M_Mean_F_AdultWeight_g	25	25	1.000000	0.000000	INCLUDED	passes_all_filters
M_Min_F_AdultWeight_g	25	25	1.000000	0.000000	INCLUDED	passes_all_filters
M_Max_F_AdultWeight_g	25	25	1.000000	0.000000	INCLUDED	passes_all_filters
M_Mean_All_NeonateWeight_g	24	24	1.000000	0.000000	INCLUDED	passes_all_filters
M_Min_All_NeonateWeight_g	24	20	0.833333	0.166667	EXCLUDED	redundancy_at_or_above_threshold
M_Max_All_NeonateWeight_g	24	24	1.000000	0.000000	INCLUDED	passes_all_filters
M_Mean_M_NeonateWeight_g	24	24	1.000000	0.000000	INCLUDED	passes_all_filters
M_Min_M_NeonateWeight_g	24	23	0.958333	0.041667	INCLUDED	passes_all_filters
M_Max_M_NeonateWeight_g	24	24	1.000000	0.000000	INCLUDED	passes_all_filters
M_Mean_All_YngAdultWeight_g	25	25	1.000000	0.000000	INCLUDED	passes_all_filters
M_Min_All_YngAdultWeight_g	25	25	1.000000	0.000000	INCLUDED	passes_all_filters
M_Max_All_YngAdultWeight_g	25	25	1.000000	0.000000	INCLUDED	passes_all_filters
M_Mean_M_YngAdultWeight_g	25	25	1.000000	0.000000	INCLUDED	passes_all_filters
M_Min_M_YngAdultWeight_g	25	25	1.000000	0.000000	INCLUDED	passes_all_filters
M_Max_M_YngAdultWeight_g	25	25	1.000000	0.000000	INCLUDED	passes_all_filters
M_Mean_F_YngAdultWeight_g	25	25	1.000000	0.000000	INCLUDED	passes_all_filters
M_Min_F_YngAdultWeight_g	25	25	1.000000	0.000000	INCLUDED	passes_all_filters
M_Max_F_YngAdultWeight_g	25	25	1.000000	0.000000	INCLUDED	passes_all_filters
L_Max_All_Age_y	25	25	1.000000	0.000000	INCLUDED	passes_all_filters
L_Max_M_Age_y	25	25	1.000000	0.000000	INCLUDED	passes_all_filters
L_Max_F_Age_y	25	25	1.000000	0.000000	INCLUDED	passes_all_filters
L_Median_All_Longevity_gt30d_y	25	25	1.000000	0.000000	INCLUDED	passes_all_filters
L_Median_M_Longevity_gt30d_y	25	25	1.000000	0.000000	INCLUDED	passes_all_filters
L_Median_F_Longevity_gt30d_y	25	25	1.000000	0.000000	INCLUDED	passes_all_filters
L_Pct_All_InfMort_lt30d	25	25	1.000000	0.000000	INCLUDED	passes_all_filters
L_Pct_M_InfMort_lt30d	25	25	1.000000	0.000000	INCLUDED	passes_all_filters
L_Pct_F_InfMort_lt30d	24	21	0.875000	0.125000	EXCLUDED	redundancy_at_or_above_threshold
L_Pct_ND_InfMort_lt30d	20	2	0.100000	0.900000	EXCLUDED	not_above_observation_threshold
Dorsal.Luminance	104	75	0.721154	0.278846	EXCLUDED	redundancy_at_or_above_threshold
Ventral.Luminance	104	86	0.826923	0.173077	EXCLUDED	redundancy_at_or_above_threshold
Actual.evapotranspiraton..mm.	104	95	0.913462	0.086538	INCLUDED	passes_all_filters
Positional.behaviour	104	3	0.028846	0.971154	EXCLUDED	redundancy_at_or_above_threshold
BodyMassForOrganMass_g	23	23	1.000000	0.000000	INCLUDED	passes_all_filters
FatFreeBodyMass_g	23	23	1.000000	0.000000	INCLUDED	passes_all_filters
BrainMass_g	23	23	1.000000	0.000000	INCLUDED	passes_all_filters
Heart_Mass_g	23	23	1.000000	0.000000	INCLUDED	passes_all_filters
LungsMass_g	23	23	1.000000	0.000000	INCLUDED	passes_all_filters
KidneysMass_g	23	23	1.000000	0.000000	INCLUDED	passes_all_filters
LiverMass_g	23	23	1.000000	0.000000	INCLUDED	passes_all_filters
DigestiveTractMass_g	23	23	1.000000	0.000000	INCLUDED	passes_all_filters
StomachMass_g	23	22	0.956522	0.043478	INCLUDED	passes_all_filters
IntestineMass_g	23	23	1.000000	0.000000	INCLUDED	passes_all_filters
SpleenMass_g	23	23	1.000000	0.000000	INCLUDED	passes_all_filters
VisceralOrganMass_g	23	23	1.000000	0.000000	INCLUDED	passes_all_filters
AdiposeDepots_g	23	23	1.000000	0.000000	INCLUDED	passes_all_filters
SemicircularCanalRadiusOfCurvatureMean_mm	61	18	0.295082	0.704918	EXCLUDED	redundancy_at_or_above_threshold
AxialEyeDiameter_mm	61	52	0.852459	0.147541	EXCLUDED	redundancy_at_or_above_threshold
VisualAcuity_cycles.deg	18	17	0.944444	0.055556	EXCLUDED	not_above_observation_threshold
AgilityScore	61	5	0.081967	0.918033	EXCLUDED	redundancy_at_or_above_threshold
BV	71	71	1.000000	0.000000	INCLUDED	passes_all_filters
Medulla	46	46	1.000000	0.000000	INCLUDED	passes_all_filters
Cerebellum	51	51	1.000000	0.000000	INCLUDED	passes_all_filters
Mesencephalon	45	44	0.977778	0.022222	INCLUDED	passes_all_filters
Diencephalon	44	44	1.000000	0.000000	INCLUDED	passes_all_filters
Telencephalon	44	44	1.000000	0.000000	INCLUDED	passes_all_filters
MOB	43	42	0.976744	0.023256	INCLUDED	passes_all_filters
AOB	30	30	1.000000	0.000000	INCLUDED	passes_all_filters
Piriform.Lobe	43	42	0.976744	0.023256	INCLUDED	passes_all_filters
Septum	44	44	1.000000	0.000000	INCLUDED	passes_all_filters
Striatum	48	48	1.000000	0.000000	INCLUDED	passes_all_filters
Striatum..incl..NAcc.	44	44	1.000000	0.000000	INCLUDED	passes_all_filters
Schizocortex	43	42	0.976744	0.023256	INCLUDED	passes_all_filters
Hippocampus	47	46	0.978723	0.021277	INCLUDED	passes_all_filters
Neocortex..GM.WM.	57	57	1.000000	0.000000	INCLUDED	passes_all_filters
Neocortex..GM.	30	30	1.000000	0.000000	INCLUDED	passes_all_filters
Epithalamus	25	25	1.000000	0.000000	INCLUDED	passes_all_filters
Thalamus	27	27	1.000000	0.000000	INCLUDED	passes_all_filters
Hypothalamus	25	24	0.960000	0.040000	INCLUDED	passes_all_filters
Subthalamus	25	25	1.000000	0.000000	INCLUDED	passes_all_filters
Pallidum	25	25	1.000000	0.000000	INCLUDED	passes_all_filters
Subthalamic.Nucleus	25	25	1.000000	0.000000	INCLUDED	passes_all_filters
Optic.Tract	25	25	1.000000	0.000000	INCLUDED	passes_all_filters
V1..GM.	51	50	0.980392	0.019608	INCLUDED	passes_all_filters
LGN	48	48	1.000000	0.000000	INCLUDED	passes_all_filters
Paleocortex	17	17	1.000000	0.000000	EXCLUDED	not_above_observation_threshold
Amygdala	24	23	0.958333	0.041667	INCLUDED	passes_all_filters
Vmo	46	44	0.956522	0.043478	INCLUDED	passes_all_filters
VII	46	45	0.978261	0.021739	INCLUDED	passes_all_filters
XII	46	42	0.913043	0.086957	INCLUDED	passes_all_filters
Granular.Insula	29	28	0.965517	0.034483	INCLUDED	passes_all_filters
Dysgranular.Insula	29	28	0.965517	0.034483	INCLUDED	passes_all_filters
Agranular.Insula	29	26	0.896552	0.103448	EXCLUDED	redundancy_at_or_above_threshold
Insula..GM.	29	28	0.965517	0.034483	INCLUDED	passes_all_filters
Albumin	39	39	1.000000	0.000000	INCLUDED	passes_all_filters
Albumin.Globulin.Ratio	31	31	1.000000	0.000000	INCLUDED	passes_all_filters
Albumin.protein.Ratio	33	33	1.000000	0.000000	INCLUDED	passes_all_filters
Alkaline.Phosphatase	38	38	1.000000	0.000000	INCLUDED	passes_all_filters
Amylase	23	23	1.000000	0.000000	INCLUDED	passes_all_filters
Basophils..	38	31	0.815789	0.184211	EXCLUDED	redundancy_at_or_above_threshold
Basophils.Abs	37	31	0.837838	0.162162	EXCLUDED	redundancy_at_or_above_threshold
Bilirubin.Total	39	36	0.923077	0.076923	INCLUDED	passes_all_filters
Blood.Urea.Nitrogen	39	39	1.000000	0.000000	INCLUDED	passes_all_filters
Body.Weight	40	40	1.000000	0.000000	INCLUDED	passes_all_filters
Bun.Creat.Ratio	37	37	1.000000	0.000000	INCLUDED	passes_all_filters
Calcium	39	39	1.000000	0.000000	INCLUDED	passes_all_filters
Chloride	35	34	0.971429	0.028571	INCLUDED	passes_all_filters
Cholesterol	33	33	1.000000	0.000000	INCLUDED	passes_all_filters
CPK	35	35	1.000000	0.000000	INCLUDED	passes_all_filters
Creatinine	39	39	1.000000	0.000000	INCLUDED	passes_all_filters
Eosinophils..	39	37	0.948718	0.051282	INCLUDED	passes_all_filters
Eosinophils.Abs	39	39	1.000000	0.000000	INCLUDED	passes_all_filters
GGT	26	26	1.000000	0.000000	INCLUDED	passes_all_filters
Globulin	33	33	1.000000	0.000000	INCLUDED	passes_all_filters
Glucose	38	38	1.000000	0.000000	INCLUDED	passes_all_filters
Hematocrit	39	39	1.000000	0.000000	INCLUDED	passes_all_filters
Hemoglobin	39	39	1.000000	0.000000	INCLUDED	passes_all_filters
Lactic.Dehydrogenase	28	28	1.000000	0.000000	INCLUDED	passes_all_filters
Lipase	20	20	1.000000	0.000000	EXCLUDED	not_above_observation_threshold
Lymphocytes..	39	39	1.000000	0.000000	INCLUDED	passes_all_filters
Lymphocytes.Abs	39	39	1.000000	0.000000	INCLUDED	passes_all_filters
Magnesium	19	19	1.000000	0.000000	EXCLUDED	not_above_observation_threshold
Mean.Corpuscular.Hemoglobin	39	39	1.000000	0.000000	INCLUDED	passes_all_filters
Mean.Corpuscular.Volume	39	39	1.000000	0.000000	INCLUDED	passes_all_filters
Mean.Corpusuclar.Hemoglobin.C	39	39	1.000000	0.000000	INCLUDED	passes_all_filters
Monocytes..	39	36	0.923077	0.076923	INCLUDED	passes_all_filters
Monocytes.Abs	39	39	1.000000	0.000000	INCLUDED	passes_all_filters
Neutrophil.Band..	35	14	0.400000	0.600000	EXCLUDED	redundancy_at_or_above_threshold
Neutrophil.Band.Abs	35	15	0.428571	0.571429	EXCLUDED	redundancy_at_or_above_threshold
Neutrophil.Seg..	39	38	0.974359	0.025641	INCLUDED	passes_all_filters
Neutrophil.Seg.Abs	39	39	1.000000	0.000000	INCLUDED	passes_all_filters
Phosphorus	39	39	1.000000	0.000000	INCLUDED	passes_all_filters
Platelets	22	22	1.000000	0.000000	INCLUDED	passes_all_filters
Potassium	36	36	1.000000	0.000000	INCLUDED	passes_all_filters
Red.Blood.Cells	39	39	1.000000	0.000000	INCLUDED	passes_all_filters
Ser.Glut.Oxaloacetic.Transamin.	38	38	1.000000	0.000000	INCLUDED	passes_all_filters
Ser.Glut.Pyruvic.Transaminase	38	38	1.000000	0.000000	INCLUDED	passes_all_filters
Sodium	36	35	0.972222	0.027778	INCLUDED	passes_all_filters
Total.Protein	39	39	1.000000	0.000000	INCLUDED	passes_all_filters
Triglycerides	28	28	1.000000	0.000000	INCLUDED	passes_all_filters
Uric.Acid	16	14	0.875000	0.125000	EXCLUDED	not_above_observation_threshold
White.Blood.Cells	39	39	1.000000	0.000000	INCLUDED	passes_all_filters
Total.T4	6	6	1.000000	0.000000	EXCLUDED	not_above_observation_threshold
Carbon.Dioxide	11	11	1.000000	0.000000	EXCLUDED	not_above_observation_threshold
Bicarbonate	3	3	1.000000	0.000000	EXCLUDED	not_above_observation_threshold
Bilirubin.Direct	6	6	1.000000	0.000000	EXCLUDED	not_above_observation_threshold
Diastolic.Blood.Pressure	2	2	1.000000	0.000000	EXCLUDED	not_above_observation_threshold
Glycosylated.Hemoglobin	2	2	1.000000	0.000000	EXCLUDED	not_above_observation_threshold
High.Density.Lipoprotein	1	1	1.000000	0.000000	EXCLUDED	not_above_observation_threshold
Iron	5	5	1.000000	0.000000	EXCLUDED	not_above_observation_threshold
Low.Density.Lipoprotein	2	2	1.000000	0.000000	EXCLUDED	not_above_observation_threshold
Rectal.Body.Temperature	5	5	1.000000	0.000000	EXCLUDED	not_above_observation_threshold
Systolic.Blood.Pressure	2	2	1.000000	0.000000	EXCLUDED	not_above_observation_threshold
Fibrinogen	7	7	1.000000	0.000000	EXCLUDED	not_above_observation_threshold
Total.Solids	7	7	1.000000	0.000000	EXCLUDED	not_above_observation_threshold
Axillary.Body.Temperature	1	1	1.000000	0.000000	EXCLUDED	not_above_observation_threshold
Bone.Thickness	1	1	1.000000	0.000000	EXCLUDED	not_above_observation_threshold
Fingernail.Growth.Rate	2	2	1.000000	0.000000	EXCLUDED	not_above_observation_threshold
