Trait	Primary Domain	Secondary Domain
Body_mass	Morphology	Body_Mass
Brain_mass	Morphology	Brain
Colour_vision	Physiology	Vestibular_and_Visual_Systems
Social_organization	Behavior	Social_organization
Coenspecific_violence	Behavior	Social_organization
Paternal_care	Behavior	Social_organization
Female_Ranging_patterns	Behavior	Social_organization
Infanticide	Behavior	Social_organization
Mating_system	Behavior	Social_organization
Gestation_length	Life_History	Reproduction
Weaning_age	Life_History	Reproduction
Weaning_prop	Life_History	Reproduction
Seasonal_breeders	Life_History	Reproduction
BodyMass_kg	Morphology	Body_Mass
BodyMassMale_kg	Morphology	Body_Mass
BodyMassFemale_kg	Morphology	Body_Mass
DielActivity	Behavior	Habitat_Use
TrophicGuild	Behavior	Diet
Locomotion	Behavior	Habitat_Use
IUCN_ER	Ecology	Conservation
IUCN_Pop_Trend	Ecology	Conservation
Habitat	Behavior	Habitat_Use
LitterSz	Life_History	Reproduction
BrainSizeSpeciesMean	Morphology	Brain
BrainSizeFemaleMean	Morphology	Brain
Body.MassMaleMean	Morphology	Body_Mass
BodyMassFemaleMean	Morphology	Body_Mass
MassDimorphism	Morphology	Sexual_Selection
MeanGroupSize	Behavior	Social_organization
AdultMales	Behavior	Social_organization
AdultFemale	Behavior	Social_organization
AdultSexRatio	Behavior	Social_organization
InterbirthInterval_days	Life_History	Reproduction
Gestation	Life_History	Reproduction
WeaningAge_d	Life_History	Reproduction
MaxLongevity_m	Life_History	Longevity
GR_MidRangeLat_dd	Ecology	Climate
Precip_Mean_mm	Ecology	Climate
Temp_Mean_degC	Ecology	Climate
AET_Mean_mm	Ecology	Climate
PET_Mean_mm	Ecology	Climate
HomeRange_km2	Behavior	Habitat_Use
DayLength_km	Behavior	Habitat_Use
Territoriality	Behavior	Habitat_Use
Fruit	Behavior	Diet
Leaves	Behavior	Diet
Fauna	Behavior	Diet
CanineDimorphism	Morphology	Sexual_Selection
Feed	Behavior	Habitat_Use
Move	Behavior	Habitat_Use
Rest	Behavior	Habitat_Use
Social	Behavior	Habitat_Use
Mating.System	Behavior	Social_organization
SocialSystem	Behavior	Social_organization
NatalDispersal	Behavior	Social_organization
StableGroups	Behavior	Social_organization
Body.mass..g.	Morphology	Body_Mass
Endocranial.volume..cm3.	Morphology	Brain
Neonatal.mass..g.	Morphology	Body_Mass
Offspring.per.litter	Life_History	Reproduction
Interbirth.interval..days.	Life_History	Reproduction
Gestation..days.	Life_History	Reproduction
Lactation..days.	Life_History	Reproduction
Age.of.female.at.first.reproduction..y.	Life_History	Reproduction
Maximum.lifespan..y.	Life_History	Longevity
Maximum.possible.reproductive.success.under.optimal.conditions..rmax.	Life_History	Reproduction
SocialMatingSystem	Behavior	Social_organization
Monopolization	Behavior	Social_organization
FemalesPerMaleInBreedingGroup	Behavior	Social_organization
MalesPerBreedingGroup	Behavior	Social_organization
SocialGroupSize	Behavior	Social_organization
MaleBodyMass.SexSzeDimorphismDataset..in.g	Morphology	Body_Mass
FemaleBodyMass.SexSizeDimorphismDataset..in.g	Morphology	Body_Mass
SexualSizeDimorphism	Morphology	Sexual_Selection
MaleCanineHeight.in.mm	Morphology	Sexual_Selection
FemaleCanineHeight.in.mm	Morphology	Sexual_Selection
SexualCanineDimorphism	Morphology	Sexual_Selection
MaleBodyMass.CanineDataset..in.g	Morphology	Body_Mass
CombinedTestesMass.in.g	Morphology	Sexual_Selection
MaleBodyMass.TestesDataset..in.g	Morphology	Body_Mass
meanMaleBodyMass.in.g	Morphology	Body_Mass
HeadFlesh	Morphology	Sexual_Selection
HeadSkin	Morphology	Sexual_Selection
HeadHair	Morphology	Sexual_Selection
BodyFlesh	Morphology	Sexual_Selection
BodySkin	Morphology	Sexual_Selection
BodyHair	Morphology	Sexual_Selection
BodyPelageDichrom	Morphology	Sexual_Selection
GenitalFlesh	Morphology	Sexual_Selection
GenitalSkin	Morphology	Sexual_Selection
GenitalHair	Morphology	Sexual_Selection
SexualOrnamentDimorphism..ExcludingDichromatism.	Morphology	Sexual_Selection
SexualOrnamentDimorphism	Morphology	Sexual_Selection
TotalOrnamentDimorphism	Morphology	Sexual_Selection
BasalMetabolicRate_ml_O2.h	Physiology	Energetics
RestingMetabolicRate_kcal.day	Physiology	Energetics
R_Ratio_MtoF_DLCBirths	Life_History	Reproduction
R_Mean_LitterSize	Life_History	Reproduction
R_MostCommon_LitterSize	Life_History	Reproduction
R_Freq_MostCommon_LitterSize	Life_History	Reproduction
R_Min_LitterSize	Life_History	Reproduction
R_Max_LitterSize	Life_History	Reproduction
R_Expected_Gestation_d	Life_History	Reproduction
R_Pattern_Breeding	Life_History	Reproduction
R_Peak_Breeding_Month	Life_History	Reproduction
R_Peak_Birth_Month	Life_History	Reproduction
R_Min_Dam_AgeAtConcep_y	Life_History	Reproduction
R_Min_Sire_AgeAtConcep_y	Life_History	Reproduction
R_Max_Dam_AgeAtConcep_y	Life_History	Reproduction
R_Max_Sire_AgeAtConcep_y	Life_History	Reproduction
M_Mean_All_AdultWeight_g	Morphology	Body_Mass
M_Min_All_AdultWeight_g	Morphology	Body_Mass
M_Max_All_AdultWeight_g	Morphology	Body_Mass
M_Mean_M_AdultWeight_g	Morphology	Body_Mass
M_Min_M_AdultWeight_g	Morphology	Body_Mass
M_Max_M_AdultWeight_g	Morphology	Body_Mass
M_Mean_F_AdultWeight_g	Morphology	Body_Mass
M_Min_F_AdultWeight_g	Morphology	Body_Mass
M_Max_F_AdultWeight_g	Morphology	Body_Mass
M_Mean_All_NeonateWeight_g	Morphology	Body_Mass
M_Min_All_NeonateWeight_g	Morphology	Body_Mass
M_Max_All_NeonateWeight_g	Morphology	Body_Mass
M_Mean_M_NeonateWeight_g	Morphology	Body_Mass
M_Min_M_NeonateWeight_g	Morphology	Body_Mass
M_Max_M_NeonateWeight_g	Morphology	Body_Mass
M_Mean_All_YngAdultWeight_g	Morphology	Body_Mass
M_Min_All_YngAdultWeight_g	Morphology	Body_Mass
M_Max_All_YngAdultWeight_g	Morphology	Body_Mass
M_Mean_M_YngAdultWeight_g	Morphology	Body_Mass
M_Min_M_YngAdultWeight_g	Morphology	Body_Mass
M_Max_M_YngAdultWeight_g	Morphology	Body_Mass
M_Mean_F_YngAdultWeight_g	Morphology	Body_Mass
M_Min_F_YngAdultWeight_g	Morphology	Body_Mass
M_Max_F_YngAdultWeight_g	Morphology	Body_Mass
L_Max_All_Age_y	Life_History	Longevity
L_Max_M_Age_y	Life_History	Longevity
L_Max_F_Age_y	Life_History	Longevity
L_Median_All_Longevity_gt30d_y	Life_History	Longevity
L_Median_M_Longevity_gt30d_y	Life_History	Longevity
L_Median_F_Longevity_gt30d_y	Life_History	Longevity
L_Pct_All_InfMort_lt30d	Life_History	Longevity
L_Pct_M_InfMort_lt30d	Life_History	Longevity
L_Pct_F_InfMort_lt30d	Life_History	Longevity
L_Pct_ND_InfMort_lt30d	Life_History	Longevity
Dorsal.Luminance	Morphology	Coloration-Ornamentation
Ventral.Luminance	Morphology	Coloration-Ornamentation
Actual.evapotranspiraton..mm.	Ecology	Climate
Positional.behaviour	Behavior	Habitat_Use
BodyMassForOrganMass_g	Morphology	Organs
FatFreeBodyMass_g	Morphology	Organs
BrainMass_g	Morphology	Brain
Heart_Mass_g	Morphology	Organs
LungsMass_g	Morphology	Organs
KidneysMass_g	Morphology	Organs
LiverMass_g	Morphology	Organs
DigestiveTractMass_g	Morphology	Organs
StomachMass_g	Morphology	Organs
IntestineMass_g	Morphology	Organs
SpleenMass_g	Morphology	Organs
VisceralOrganMass_g	Morphology	Organs
AdiposeDepots_g	Morphology	Organs
SemicircularCanalRadiusOfCurvatureMean_mm	Morphology	Vestibular_and_Visual_Systems
AxialEyeDiameter_mm	Morphology	Vestibular_and_Visual_Systems
VisualAcuity_cycles.deg	Physiology	Vestibular_and_Visual_Systems
AgilityScore	Physiology	Vestibular_and_Visual_Systems
BV	Morphology	Brain
Medulla	Morphology	Brain
Cerebellum	Morphology	Brain
Mesencephalon	Morphology	Brain
Diencephalon	Morphology	Brain
Telencephalon	Morphology	Brain
MOB	Morphology	Brain
AOB	Morphology	Brain
Piriform.Lobe	Morphology	Brain
Septum	Morphology	Brain
Striatum	Morphology	Brain
Striatum..incl..NAcc.	Morphology	Brain
Schizocortex	Morphology	Brain
Hippocampus	Morphology	Brain
Neocortex..GM.WM.	Morphology	Brain
Neocortex..GM.	Morphology	Brain
Epithalamus	Morphology	Brain
Thalamus	Morphology	Brain
Hypothalamus	Morphology	Brain
Subthalamus	Morphology	Brain
Pallidum	Morphology	Brain
Subthalamic.Nucleus	Morphology	Brain
Optic.Tract	Morphology	Brain
V1..GM.	Morphology	Brain
LGN	Morphology	Brain
Paleocortex	Morphology	Brain
Amygdala	Morphology	Brain
Vmo	Morphology	Brain
VII	Morphology	Brain
XII	Morphology	Brain
Granular.Insula	Morphology	Brain
Dysgranular.Insula	Morphology	Brain
Agranular.Insula	Morphology	Brain
Insula..GM.	Morphology	Brain
Albumin	Physiology	Biometabolites
Albumin.Globulin.Ratio	Physiology	Biometabolites
Albumin.protein.Ratio	Physiology	Biometabolites
Alkaline.Phosphatase	Physiology	Biometabolites
Amylase	Physiology	Biometabolites
Basophils..	Physiology	Biometabolites
Basophils.Abs	Physiology	Biometabolites
Bilirubin.Total	Physiology	Biometabolites
Blood.Urea.Nitrogen	Physiology	Biometabolites
Body.Weight	Morphology	Body_Mass
Bun.Creat.Ratio	Physiology	Biometabolites
Calcium	Physiology	Biometabolites
Chloride	Physiology	Biometabolites
Cholesterol	Physiology	Biometabolites
CPK	Physiology	Biometabolites
Creatinine	Physiology	Biometabolites
Eosinophils..	Physiology	Biometabolites
Eosinophils.Abs	Physiology	Biometabolites
GGT	Physiology	Biometabolites
Globulin	Physiology	Biometabolites
Glucose	Physiology	Biometabolites
Hematocrit	Physiology	Biometabolites
Hemoglobin	Physiology	Biometabolites
Lactic.Dehydrogenase	Physiology	Biometabolites
Lipase	Physiology	Biometabolites
Lymphocytes..	Physiology	Biometabolites
Lymphocytes.Abs	Physiology	Biometabolites
Magnesium	Physiology	Biometabolites
Mean.Corpuscular.Hemoglobin	Physiology	Biometabolites
Mean.Corpuscular.Volume	Physiology	Biometabolites
Mean.Corpusuclar.Hemoglobin.C	Physiology	Biometabolites
Monocytes..	Physiology	Biometabolites
Monocytes.Abs	Physiology	Biometabolites
Neutrophil.Band..	Physiology	Biometabolites
Neutrophil.Band.Abs	Physiology	Biometabolites
Neutrophil.Seg..	Physiology	Biometabolites
Neutrophil.Seg.Abs	Physiology	Biometabolites
Phosphorus	Physiology	Biometabolites
Platelets	Physiology	Biometabolites
Potassium	Physiology	Biometabolites
Red.Blood.Cells	Physiology	Biometabolites
Ser.Glut.Oxaloacetic.Transamin.	Physiology	Biometabolites
Ser.Glut.Pyruvic.Transaminase	Physiology	Biometabolites
Sodium	Physiology	Biometabolites
Total.Protein	Physiology	Biometabolites
Triglycerides	Physiology	Biometabolites
Uric.Acid	Physiology	Biometabolites
White.Blood.Cells	Physiology	Biometabolites
Total.T4	Physiology	Biometabolites
Carbon.Dioxide	Physiology	Biometabolites
Bicarbonate	Physiology	Biometabolites
Bilirubin.Direct	Physiology	Biometabolites
Diastolic.Blood.Pressure	Physiology	Biometabolites
Glycosylated.Hemoglobin	Physiology	Biometabolites
High.Density.Lipoprotein	Physiology	Biometabolites
Iron	Physiology	Biometabolites
Low.Density.Lipoprotein	Physiology	Biometabolites
Rectal.Body.Temperature	Physiology	Biometabolites
Systolic.Blood.Pressure	Physiology	Biometabolites
Fibrinogen	Physiology	Biometabolites
Total.Solids	Physiology	Biometabolites
Axillary.Body.Temperature	Physiology	Energetics
Bone.Thickness	Morphology	Body_Mass
Fingernail.Growth.Rate	Physiology	Energetics
