Species1	Species2	TraitValue1	TraitValue2	PatristicDistance	NormalizedTraitDifference	NormalizedPatristicDistance	Sbm	Sou	FinalScore	AIC_BM	AIC_OU	delta_AIC	SelectedModel	family_1	superfamily_1	family_2	superfamily_2	taxonomic_level
Eulemur_macaco	Eulemur_flavifrons	34.47671233	28.93424658	3.030803714	0.232155152511149	0.0305030633496716	0.971927186214462	0.920386962146983	7.00495465380222	155.801222420733	153.617554296434	2.18366812429991	OU	Lemuridae	STR	Lemuridae	STR	family
Varecia_rubra	Varecia_variegata	34.37260274	39.38630137	3.814273482	0.210006885490017	0.0383881757558182	0.923435799779556	0.84571428120305	4.62657624940572	155.801222420733	153.617554296434	2.18366812429991	OU	Lemuridae	STR	Lemuridae	STR	family
Nycticebus_pygmaeus	Nycticebus_coucang	15.51232877	22.17534247	5.9520781674	0.279091117830972	0.0599037861025927	0.940444756477424	0.878322624730434	4.09209599427373	155.801222420733	153.617554296434	2.18366812429991	OU	Lorisidae	STR	Lorisidae	STR	family
Eulemur_sanfordi	Eulemur_fulvus	27.72054795	34.44931507	9.5384061272	0.281845306298123	0.0959978387940162	0.867160691311709	0.798821643109032	2.34530416005229	155.801222420733	153.617554296434	2.18366812429991	OU	Lemuridae	STR	Lemuridae	STR	family
Eulemur_albifrons	Eulemur_fulvus	27.74520548	34.44931507	9.5384061272	0.280812485727658	0.0959978387940162	0.86573451727543	0.797165577241988	2.33186548878639	155.801222420733	153.617554296434	2.18366812429991	OU	Lemuridae	STR	Lemuridae	STR	family
Eulemur_mongoz	Eulemur_sanfordi	36.2739726	27.72054795	15.6477288182	0.358274041497392	0.157484188505926	0.864216767596462	0.820692659441897	1.86706283795866	155.801222420733	153.617554296434	2.18366812429991	OU	Lemuridae	STR	Lemuridae	STR	family
Eulemur_mongoz	Eulemur_albifrons	36.2739726	27.74520548	15.6477288182	0.357241220926927	0.157484188505926	0.863085301707822	0.819435689589638	1.85882918785263	155.801222420733	153.617554296434	2.18366812429991	OU	Lemuridae	STR	Lemuridae	STR	family
Eulemur_mongoz	Eulemur_coronatus	36.2739726	28.82465753	15.6477288181	0.312026623922656	0.15748418850492	0.806099825925255	0.757815950293289	1.50147614671404	155.801222420733	153.617554296434	2.18366812429991	OU	Lemuridae	STR	Lemuridae	STR	family
Eulemur_mongoz	Eulemur_flavifrons	36.2739726	28.93424658	15.6477288181	0.307436309112628	0.15748418850492	0.799460373058606	0.750818473723132	1.46572721088	155.801222420733	153.617554296434	2.18366812429991	OU	Lemuridae	STR	Lemuridae	STR	family
Nycticebus_pygmaeus	Perodicticus_potto	15.51232877	30.00273973	39.917034862	0.606954326486912	0.401738930667892	0.886397141255509	0.918615647085037	1.38786086887297	155.801222420733	153.617554296434	2.18366812429991	OU	Lorisidae	STR	Lorisidae	STR	family
Eulemur_sanfordi	Eulemur_macaco	27.72054795	34.47671233	14.8274950179	0.282992884895914	0.149229070084195	0.773872944349973	0.72053719437439	1.36640199657997	155.801222420733	153.617554296434	2.18366812429991	OU	Lemuridae	STR	Lemuridae	STR	family
Eulemur_albifrons	Eulemur_macaco	27.74520548	34.47671233	14.8274950179	0.281960064325449	0.149229070084195	0.772174138665054	0.718778640304361	1.35809243830061	155.801222420733	153.617554296434	2.18366812429991	OU	Lemuridae	STR	Lemuridae	STR	family
Lemur_catta	Hapalemur_griseus	32.72876712	23.03013699	25.8477057818	0.40624282738768	0.260140306435535	0.811830634076566	0.804883392162859	1.2569298061877	155.801222420733	153.617554296434	2.18366812429991	OU	Lemuridae	STR	Lemuridae	STR	family
Eulemur_sanfordi	Eulemur_collaris	27.72054795	32.35342466	9.5384061272	0.194055542729407	0.0959978387940162	0.699257164329797	0.621175734744838	1.25568029291678	155.801222420733	153.617554296434	2.18366812429991	OU	Lemuridae	STR	Lemuridae	STR	family
Eulemur_albifrons	Eulemur_collaris	27.74520548	32.35342466	9.5384061272	0.193022722158942	0.0959978387940162	0.696677243058442	0.618633218256273	1.24388495934781	155.801222420733	153.617554296434	2.18366812429991	OU	Lemuridae	STR	Lemuridae	STR	family
Varecia_variegata	Microcebus_murinus	39.38630137	17.96438356	71.983496227	0.897291714660006	0.724466957526973	0.91845984257377	0.982365795901222	1.21671344741037	155.801222420733	153.617554296434	2.18366812429991	OU	Lemuridae	STR	Cheirogaleidae	STR	superfamily
Hapalemur_griseus	Varecia_variegata	23.03013699	39.38630137	52.6432531428	0.685104429582867	0.52982002038936	0.880088724418143	0.93939592043231	1.21472251227367	155.801222420733	153.617554296434	2.18366812429991	OU	Lemuridae	STR	Lemuridae	STR	family
Eulemur_sanfordi	Eulemur_rufus	27.72054795	32.16164384	9.5384061272	0.186022492544873	0.0959978387940162	0.678804329117366	0.601125965700024	1.16484862448729	155.801222420733	153.617554296434	2.18366812429991	OU	Lemuridae	STR	Lemuridae	STR	family
Eulemur_coronatus	Eulemur_macaco	28.82465753	34.47671233	13.292473054	0.236745467321178	0.133780074825382	0.715137573061521	0.653894086495264	1.15717128494613	155.801222420733	153.617554296434	2.18366812429991	OU	Lemuridae	STR	Lemuridae	STR	family
Eulemur_albifrons	Eulemur_rufus	27.74520548	32.16164384	9.5384061272	0.184989671974408	0.0959978387940162	0.676110257327961	0.598502577107127	1.15332591655997	155.801222420733	153.617554296434	2.18366812429991	OU	Lemuridae	STR	Lemuridae	STR	family
Perodicticus_potto	Galago_moholi	30.00273973	16.63835616	43.154528579	0.559788845950171	0.434322194139443	0.839517201829189	0.886695668572379	1.14284361176299	155.801222420733	153.617554296434	2.18366812429991	OU	Lorisidae	STR	Galagidae	STR	superfamily
Eulemur_mongoz	Microcebus_murinus	36.2739726	17.96438356	71.983496225	0.766926784526845	0.724466957506844	0.863448091751288	0.957481956864242	1.01359841302828	155.801222420733	153.617554296434	2.18366812429991	OU	Lemuridae	STR	Cheirogaleidae	STR	superfamily
Eulemur_mongoz	Hapalemur_griseus	36.2739726	23.03013699	47.7997285408	0.554739499449706	0.481073103164717	0.81366021767334	0.87687648136047	1.01115197908409	155.801222420733	153.617554296434	2.18366812429991	OU	Lemuridae	STR	Lemuridae	STR	family
Eulemur_fulvus	Eulemur_coronatus	34.44931507	28.82465753	14.8274950171	0.235597888723387	0.149229070076143	0.686392608363129	0.632090057388668	0.997922743389271	155.801222420733	153.617554296434	2.18366812429991	OU	Lemuridae	STR	Lemuridae	STR	family
Varecia_variegata	Nycticebus_pygmaeus	39.38630137	15.51232877	99.360634019	1	0.999999999981884	0.901518607810357	0.990574852392874	0.990574852410819	155.801222420733	153.617554296434	2.18366812429991	OU	Lemuridae	STR	Lorisidae	STR	superfamily
Eulemur_fulvus	Eulemur_flavifrons	34.44931507	28.93424658	14.8274950171	0.231007573913359	0.149229070076143	0.676870931094809	0.622683890528603	0.963918724364816	155.801222420733	153.617554296434	2.18366812429991	OU	Lemuridae	STR	Lemuridae	STR	family
Varecia_variegata	Galago_moholi	39.38630137	16.63835616	99.36063402	0.952834519463258	0.999999999991949	0.884589087360263	0.986630900841693	0.940095980298666	155.801222420733	153.617554296434	2.18366812429991	OU	Lemuridae	STR	Galagidae	STR	superfamily
Eulemur_macaco	Microcebus_murinus	34.47671233	17.96438356	71.9834962251	0.691645627925367	0.72446695750785	0.820604786622317	0.932646160708258	0.890393457935251	155.801222420733	153.617554296434	2.18366812429991	OU	Lemuridae	STR	Cheirogaleidae	STR	superfamily
Eulemur_fulvus	Microcebus_murinus	34.44931507	17.96438356	71.9834962244	0.690498049327576	0.724466957500805	0.819882007529566	0.932190461725849	0.888481784792449	155.801222420733	153.617554296434	2.18366812429991	OU	Lemuridae	STR	Cheirogaleidae	STR	superfamily
Varecia_rubra	Microcebus_murinus	34.37260274	17.96438356	71.983496227	0.687284829169989	0.724466957526973	0.817846718187357	0.930900997678735	0.883123966547475	155.801222420733	153.617554296434	2.18366812429991	OU	Lemuridae	STR	Cheirogaleidae	STR	superfamily
Eulemur_mongoz	Nycticebus_pygmaeus	36.2739726	15.51232877	99.360634017	0.869635069866839	0.999999999961755	0.849243346585791	0.976040454672379	0.848799009024337	155.801222420733	153.617554296434	2.18366812429991	OU	Lemuridae	STR	Lorisidae	STR	superfamily
Eulemur_macaco	Hapalemur_griseus	34.47671233	23.03013699	47.7997285409	0.479458342848228	0.481073103165723	0.746609202566578	0.817325305023918	0.814581887318059	155.801222420733	153.617554296434	2.18366812429991	OU	Lemuridae	STR	Lemuridae	STR	family
Eulemur_fulvus	Hapalemur_griseus	34.44931507	23.03013699	47.7997285402	0.478310764250437	0.481073103158678	0.745471307675917	0.816275791962303	0.811588707265221	155.801222420733	153.617554296434	2.18366812429991	OU	Lemuridae	STR	Lemuridae	STR	family
Cheirogaleus_medius	Microcebus_murinus	29.62191781	17.96438356	49.55786972	0.488294698386309	0.498767647855645	0.746704866595955	0.82278728786834	0.805510686775818	155.801222420733	153.617554296434	2.18366812429991	OU	Cheirogaleidae	STR	Cheirogaleidae	STR	family
Eulemur_mongoz	Galago_moholi	36.2739726	16.63835616	99.360634018	0.822469589330098	0.99999999997182	0.825832585033023	0.967265498413372	0.795546457275637	155.801222420733	153.617554296434	2.18366812429991	OU	Lemuridae	STR	Galagidae	STR	superfamily
Varecia_variegata	Otolemur_garnettii	39.38630137	20.00547945	99.36063402	0.811797108286871	0.999999999991949	0.82017711120752	0.964935813332713	0.783332102952243	155.801222420733	153.617554296434	2.18366812429991	OU	Lemuridae	STR	Galagidae	STR	superfamily
Eulemur_rubriventer	Microcebus_murinus	32.85205479	17.96438356	71.983496226	0.623594216154876	0.724466957516908	0.773919962478903	0.900917736416484	0.775476484926576	155.801222420733	153.617554296434	2.18366812429991	OU	Lemuridae	STR	Cheirogaleidae	STR	superfamily
Lemur_catta	Microcebus_murinus	32.72876712	17.96438356	71.983496226	0.618430112464819	0.724466957516908	0.770052402943092	0.89808941137407	0.766640258629831	155.801222420733	153.617554296434	2.18366812429991	OU	Lemuridae	STR	Cheirogaleidae	STR	superfamily
Eulemur_macaco	Nycticebus_pygmaeus	34.47671233	15.51232877	99.3606340171	0.794353913265361	0.999999999962762	0.810641719573551	0.960823645348982	0.763234022669274	155.801222420733	153.617554296434	2.18366812429991	OU	Lemuridae	STR	Lorisidae	STR	superfamily
Eulemur_fulvus	Nycticebus_pygmaeus	34.44931507	15.51232877	99.3606340164	0.79320633466757	0.999999999955717	0.810001568051941	0.960539310974988	0.761905866196323	155.801222420733	153.617554296434	2.18366812429991	OU	Lemuridae	STR	Lorisidae	STR	superfamily
Varecia_rubra	Nycticebus_pygmaeus	34.37260274	15.51232877	99.360634019	0.789993114509983	0.999999999981884	0.808200665030706	0.959733838885514	0.758183124495525	155.801222420733	153.617554296434	2.18366812429991	OU	Lemuridae	STR	Lorisidae	STR	superfamily
Eulemur_sanfordi	Varecia_variegata	27.72054795	39.38630137	52.6432531402	0.488638971630553	0.529820020363193	0.732648005497724	0.819198348578067	0.75552493908447	155.801222420733	153.617554296434	2.18366812429991	OU	Lemuridae	STR	Lemuridae	STR	family
Eulemur_albifrons	Varecia_variegata	27.74520548	39.38630137	52.6432531402	0.487606151060088	0.529820020363193	0.73163551446649	0.818274855808068	0.753078097494896	155.801222420733	153.617554296434	2.18366812429991	OU	Lemuridae	STR	Lemuridae	STR	family
Eulemur_collaris	Microcebus_murinus	32.35342466	17.96438356	71.9834962244	0.60270828575886	0.724466957500805	0.757988855598992	0.889081617773386	0.739656725817362	155.801222420733	153.617554296434	2.18366812429991	OU	Lemuridae	STR	Cheirogaleidae	STR	superfamily
Perodicticus_potto	Otolemur_garnettii	30.00273973	20.00547945	43.154528579	0.418751434773784	0.434322194139443	0.706214750624707	0.763805242098018	0.736422281274425	155.801222420733	153.617554296434	2.18366812429991	OU	Lorisidae	STR	Galagidae	STR	superfamily
Eulemur_rufus	Microcebus_murinus	32.16164384	17.96438356	71.9834962244	0.594675235574326	0.724466957500805	0.751655995725759	0.884242398682741	0.725826141961597	155.801222420733	153.617554296434	2.18366812429991	OU	Lemuridae	STR	Cheirogaleidae	STR	superfamily
Hapalemur_griseus	Varecia_rubra	23.03013699	34.37260274	52.6432531428	0.47509754409285	0.52982002038936	0.719163907432811	0.806811153405611	0.723479639836999	155.801222420733	153.617554296434	2.18366812429991	OU	Lemuridae	STR	Lemuridae	STR	family
Varecia_variegata	Loris_tardigradus	39.38630137	21.53972603	99.3606340187	0.747532705972863	0.999999999978865	0.78321378219017	0.947713922105033	0.708447152694304	155.801222420733	153.617554296434	2.18366812429991	OU	Lemuridae	STR	Lorisidae	STR	superfamily
Eulemur_macaco	Galago_moholi	34.47671233	16.63835616	99.3606340181	0.747188432728619	0.999999999972827	0.783002037635148	0.947605364782643	0.708039767376415	155.801222420733	153.617554296434	2.18366812429991	OU	Lemuridae	STR	Galagidae	STR	superfamily
Eulemur_fulvus	Galago_moholi	34.44931507	16.63835616	99.3606340174	0.746040854130829	0.999999999965781	0.782295147256866	0.947242144746459	0.706681338759548	155.801222420733	153.617554296434	2.18366812429991	OU	Lemuridae	STR	Galagidae	STR	superfamily
Varecia_rubra	Galago_moholi	34.37260274	16.63835616	99.36063402	0.742827633973242	0.999999999991949	0.780307050122862	0.946213916937611	0.702873845156978	155.801222420733	153.617554296434	2.18366812429991	OU	Lemuridae	STR	Galagidae	STR	superfamily
Eulemur_rubriventer	Nycticebus_pygmaeus	32.85205479	15.51232877	99.360634018	0.72630250149487	0.99999999997182	0.769876647839627	0.94065816789587	0.683202380413605	155.801222420733	153.617554296434	2.18366812429991	OU	Lemuridae	STR	Lorisidae	STR	superfamily
Lemur_catta	Nycticebus_pygmaeus	32.72876712	15.51232877	99.360634018	0.721138397804813	0.99999999997182	0.766546065421466	0.938827286230673	0.677024405026907	155.801222420733	153.617554296434	2.18366812429991	OU	Lemuridae	STR	Lorisidae	STR	superfamily
Varecia_variegata	Nycticebus_coucang	39.38630137	22.17534247	99.3606340184	0.720908882169028	0.999999999975846	0.766397250448094	0.938744839749307	0.676749493081963	155.801222420733	153.617554296434	2.18366812429991	OU	Lemuridae	STR	Lorisidae	STR	superfamily
Nycticebus_pygmaeus	Loris_tardigradus	15.51232877	21.53972603	22.2897034077	0.252467294027137	0.224331332296389	0.621531603417548	0.599698561977231	0.674913627198181	155.801222420733	153.617554296434	2.18366812429991	OU	Lorisidae	STR	Lorisidae	STR	family
Daubentonia_madagascariensis	Nycticebus_pygmaeus	32.63561644	15.51232877	99.360634014	0.717236630739871	0.999999999931563	0.76400706008214	0.937413133480212	0.672347037514666	155.801222420733	153.617554296434	2.18366812429991	OU	Daubentoniidae	STR	Lorisidae	STR	superfamily
Eulemur_collaris	Nycticebus_pygmaeus	32.35342466	15.51232877	99.3606340164	0.705416571098854	0.999999999955717	0.756196351367524	0.932963233306201	0.658127725029305	155.801222420733	153.617554296434	2.18366812429991	OU	Lemuridae	STR	Lorisidae	STR	superfamily
Eulemur_rufus	Nycticebus_pygmaeus	32.16164384	15.51232877	99.3606340164	0.69738352091432	0.999999999955717	0.75078553350215	0.92979283382871	0.648422200205083	155.801222420733	153.617554296434	2.18366812429991	OU	Lemuridae	STR	Lorisidae	STR	superfamily
Eulemur_coronatus	Varecia_variegata	28.82465753	39.38630137	52.6432531401	0.442391554055817	0.529820020362186	0.684718928588892	0.774345108747374	0.646566235455003	155.801222420733	153.617554296434	2.18366812429991	OU	Lemuridae	STR	Lemuridae	STR	family
Eulemur_rubriventer	Hapalemur_griseus	32.85205479	23.03013699	47.7997285418	0.411406931077738	0.481073103174781	0.672934594320247	0.747139293078857	0.63894298314468	155.801222420733	153.617554296434	2.18366812429991	OU	Lemuridae	STR	Lemuridae	STR	family
Eulemur_flavifrons	Varecia_variegata	28.93424658	39.38630137	52.6432531401	0.437801239245789	0.529820020362186	0.679671304155293	0.769493741912645	0.635848591699006	155.801222420733	153.617554296434	2.18366812429991	OU	Lemuridae	STR	Lemuridae	STR	family
Propithecus_coquereli	Microcebus_murinus	30.5890411	17.96438356	69.529333389	0.528804223390957	0.699767408634338	0.703732779933578	0.839313800729069	0.634257436255898	155.801222420733	153.617554296434	2.18366812429991	OU	Indriidae	STR	Cheirogaleidae	STR	superfamily
Eulemur_mongoz	Otolemur_garnettii	36.2739726	20.00547945	99.360634018	0.68143217815371	0.99999999997182	0.739793713160719	0.923132543119817	0.629052219600438	155.801222420733	153.617554296434	2.18366812429991	OU	Lemuridae	STR	Galagidae	STR	superfamily
Eulemur_rubriventer	Galago_moholi	32.85205479	16.63835616	99.360634019	0.679137020958129	0.999999999981884	0.738184962075131	0.922133161372366	0.626254768152475	155.801222420733	153.617554296434	2.18366812429991	OU	Lemuridae	STR	Galagidae	STR	superfamily
Lemur_catta	Galago_moholi	32.72876712	16.63835616	99.360634019	0.673972917268071	0.999999999981884	0.73454018035619	0.919845844903943	0.619951187538055	155.801222420733	153.617554296434	2.18366812429991	OU	Lemuridae	STR	Galagidae	STR	superfamily
Daubentonia_madagascariensis	Galago_moholi	32.63561644	16.63835616	99.360634015	0.67007115020313	0.999999999941627	0.731763271822375	0.918081688555164	0.6151800530665	155.801222420733	153.617554296434	2.18366812429991	OU	Daubentoniidae	STR	Galagidae	STR	superfamily
Loris_tardigradus	Perodicticus_potto	21.53972603	30.00273973	39.9170348617	0.354487032459776	0.401738930664873	0.644552484978474	0.691234696348936	0.609932763639413	155.801222420733	153.617554296434	2.18366812429991	OU	Lorisidae	STR	Lorisidae	STR	family
Eulemur_collaris	Galago_moholi	32.35342466	16.63835616	99.3606340174	0.658251090562113	0.999999999965781	0.723229368191965	0.912544376000841	0.600683330709431	155.801222420733	153.617554296434	2.18366812429991	OU	Lemuridae	STR	Galagidae	STR	superfamily
Eulemur_rufus	Galago_moholi	32.16164384	16.63835616	99.3606340174	0.650218040377579	0.999999999965781	0.717325103997045	0.908611626673213	0.590795671379956	155.801222420733	153.617554296434	2.18366812429991	OU	Lemuridae	STR	Galagidae	STR	superfamily
Daubentonia_madagascariensis	Microcebus_murinus	32.63561644	17.96438356	92.496943882	0.614528345399877	0.930921433760546	0.707365228601945	0.890413028088142	0.587787567274177	155.801222420733	153.617554296434	2.18366812429991	OU	Daubentoniidae	STR	Cheirogaleidae	STR	superfamily
Eulemur_collaris	Hapalemur_griseus	32.35342466	23.03013699	47.7997285402	0.390521000681722	0.481073103158678	0.647778056967958	0.722246617940549	0.58629856902247	155.801222420733	153.617554296434	2.18366812429991	OU	Lemuridae	STR	Lemuridae	STR	family
Propithecus_coquereli	Nycticebus_pygmaeus	30.5890411	15.51232877	99.360634017	0.631512508730952	0.999999999961755	0.703247748764785	0.898902297408142	0.567668044961942	155.801222420733	153.617554296434	2.18366812429991	OU	Indriidae	STR	Lorisidae	STR	superfamily
Eulemur_rufus	Hapalemur_griseus	32.16164384	23.03013699	47.7997285402	0.382487950497187	0.481073103158678	0.637784700688773	0.712242378504399	0.566284262875391	155.801222420733	153.617554296434	2.18366812429991	OU	Lemuridae	STR	Lemuridae	STR	family
Eulemur_mongoz	Loris_tardigradus	36.2739726	21.53972603	99.3606340167	0.617167775839703	0.999999999958736	0.69213974013689	0.89091354562581	0.549843131442033	155.801222420733	153.617554296434	2.18366812429991	OU	Lemuridae	STR	Lorisidae	STR	superfamily
Eulemur_macaco	Otolemur_garnettii	34.47671233	20.00547945	99.3606340181	0.606151021552232	0.999999999972827	0.683424323745839	0.88444565828114	0.536107639289118	155.801222420733	153.617554296434	2.18366812429991	OU	Lemuridae	STR	Galagidae	STR	superfamily
Eulemur_fulvus	Otolemur_garnettii	34.44931507	20.00547945	99.3606340174	0.605003442954442	0.999999999965781	0.682507247215203	0.883754933396855	0.534674777451366	155.801222420733	153.617554296434	2.18366812429991	OU	Lemuridae	STR	Galagidae	STR	superfamily
Nycticebus_coucang	Perodicticus_potto	22.17534247	30.00273973	39.9170348614	0.32786320865594	0.401738930661854	0.607267085439161	0.653486211007486	0.53331671292187	155.801222420733	153.617554296434	2.18366812429991	OU	Lorisidae	STR	Lorisidae	STR	family
Varecia_rubra	Otolemur_garnettii	34.37260274	20.00547945	99.36063402	0.601790222796854	0.999999999991949	0.679930176825591	0.881803637931444	0.530660807738113	155.801222420733	153.617554296434	2.18366812429991	OU	Lemuridae	STR	Galagidae	STR	superfamily
Eulemur_mongoz	Eulemur_rufus	36.2739726	32.16164384	15.6477288174	0.172251548952519	0.157484188497875	0.52673196226951	0.481485603866052	0.526634717144228	155.801222420733	153.617554296434	2.18366812429991	OU	Lemuridae	STR	Lemuridae	STR	family
Cheirogaleus_medius	Nycticebus_pygmaeus	29.62191781	15.51232877	99.360634016	0.591002983726303	0.999999999951691	0.671178831904548	0.875064506086885	0.517165734075316	155.801222420733	153.617554296434	2.18366812429991	OU	Cheirogaleidae	STR	Lorisidae	STR	superfamily
Eulemur_mongoz	Nycticebus_coucang	36.2739726	22.17534247	99.3606340164	0.590543952035867	0.999999999955717	0.670803025072556	0.874771222739233	0.516590855026551	155.801222420733	153.617554296434	2.18366812429991	OU	Lemuridae	STR	Lorisidae	STR	superfamily
Propithecus_coquereli	Galago_moholi	30.5890411	16.63835616	99.360634018	0.58434702819421	0.99999999997182	0.665702410721807	0.870759173653211	0.508825535411439	155.801222420733	153.617554296434	2.18366812429991	OU	Indriidae	STR	Galagidae	STR	superfamily
Eulemur_flavifrons	Microcebus_murinus	28.93424658	17.96438356	71.9834962251	0.459490475414217	0.72446695750785	0.627586121218874	0.775743661677623	0.492012534470841	155.801222420733	153.617554296434	2.18366812429991	OU	Lemuridae	STR	Cheirogaleidae	STR	superfamily
Eulemur_rubriventer	Eulemur_sanfordi	32.85205479	27.72054795	22.8374257192	0.214941473125423	0.229843800256138	0.541166102743798	0.522783582760915	0.488887989491972	155.801222420733	153.617554296434	2.18366812429991	OU	Lemuridae	STR	Lemuridae	STR	family
Eulemur_rubriventer	Eulemur_albifrons	32.85205479	27.74520548	22.8374257192	0.213908652554958	0.229843800256138	0.539004668505154	0.520664227342247	0.484566401966173	155.801222420733	153.617554296434	2.18366812429991	OU	Lemuridae	STR	Lemuridae	STR	family
Eulemur_coronatus	Microcebus_murinus	28.82465753	17.96438356	71.9834962251	0.454900160604189	0.72446695750785	0.622790862845424	0.771080588654121	0.484169333028181	155.801222420733	153.617554296434	2.18366812429991	OU	Lemuridae	STR	Cheirogaleidae	STR	superfamily
Eulemur_mongoz	Eulemur_collaris	36.2739726	32.35342466	15.6477288174	0.164218498767985	0.157484188497875	0.505851906390331	0.46179355607744	0.481540688262745	155.801222420733	153.617554296434	2.18366812429991	OU	Lemuridae	STR	Lemuridae	STR	family
Eulemur_flavifrons	Nycticebus_pygmaeus	28.93424658	15.51232877	99.3606340171	0.562198760754211	0.999999999962762	0.647058561879466	0.855600045618564	0.481017285365916	155.801222420733	153.617554296434	2.18366812429991	OU	Lemuridae	STR	Lorisidae	STR	superfamily
Eulemur_coronatus	Nycticebus_pygmaeus	28.82465753	15.51232877	99.3606340171	0.557608445944183	0.999999999962762	0.643113793775543	0.85229420945553	0.475246449639421	155.801222420733	153.617554296434	2.18366812429991	OU	Lemuridae	STR	Lorisidae	STR	superfamily
Cheirogaleus_medius	Galago_moholi	29.62191781	16.63835616	99.360634017	0.543837503189561	0.999999999961756	0.631113673417054	0.842029474454561	0.4579272070169	155.801222420733	153.617554296434	2.18366812429991	OU	Cheirogaleidae	STR	Galagidae	STR	superfamily
Eulemur_fulvus	Eulemur_rufus	34.44931507	32.16164384	7.651134656	0.09582281375325	0.0770036819048309	0.431693560311849	0.366287531926846	0.455805502850401	155.801222420733	153.617554296434	2.18366812429991	OU	Lemuridae	STR	Lemuridae	STR	family
Eulemur_macaco	Loris_tardigradus	34.47671233	21.53972603	99.3606340168	0.541886619238224	0.999999999959743	0.629393583976354	0.840532638039859	0.455473389605141	155.801222420733	153.617554296434	2.18366812429991	OU	Lemuridae	STR	Lorisidae	STR	superfamily
Eulemur_fulvus	Loris_tardigradus	34.44931507	21.53972603	99.3606340161	0.540739040640434	0.999999999952698	0.628379444347204	0.839647148421431	0.454029993535357	155.801222420733	153.617554296434	2.18366812429991	OU	Lemuridae	STR	Lorisidae	STR	superfamily
Eulemur_rubriventer	Otolemur_garnettii	32.85205479	20.00547945	99.360634019	0.538099609781742	0.999999999981884	0.626040398975326	0.837596424528276	0.450710309201412	155.801222420733	153.617554296434	2.18366812429991	OU	Lemuridae	STR	Galagidae	STR	superfamily
Varecia_rubra	Loris_tardigradus	34.37260274	21.53972603	99.3606340187	0.537525820482847	0.999999999978865	0.625530708135931	0.83714800788367	0.449988669812761	155.801222420733	153.617554296434	2.18366812429991	OU	Lemuridae	STR	Lorisidae	STR	superfamily
Lemur_catta	Otolemur_garnettii	32.72876712	20.00547945	99.360634019	0.532935506091684	0.999999999981884	0.621437733546002	0.833527000737628	0.444216133987239	155.801222420733	153.617554296434	2.18366812429991	OU	Lemuridae	STR	Galagidae	STR	superfamily
Daubentonia_madagascariensis	Otolemur_garnettii	32.63561644	20.00547945	99.360634015	0.529033739026743	0.999999999941627	0.617937139507694	0.83040182909824	0.439310584568132	155.801222420733	153.617554296434	2.18366812429991	OU	Daubentoniidae	STR	Galagidae	STR	superfamily
Eulemur_collaris	Otolemur_garnettii	32.35342466	20.00547945	99.3606340174	0.517213679385726	0.999999999965781	0.60721181017932	0.820665993205501	0.424459677907083	155.801222420733	153.617554296434	2.18366812429991	OU	Lemuridae	STR	Galagidae	STR	superfamily
Eulemur_collaris	Eulemur_coronatus	32.35342466	28.82465753	14.8274950171	0.147808125154672	0.149229070076143	0.472739718385506	0.427848076129961	0.423774147701485	155.801222420733	153.617554296434	2.18366812429991	OU	Lemuridae	STR	Lemuridae	STR	family
Eulemur_macaco	Nycticebus_coucang	34.47671233	22.17534247	99.3606340165	0.515262795434389	0.999999999956723	0.605424225999707	0.819019932968366	0.422010500196029	155.801222420733	153.617554296434	2.18366812429991	OU	Lemuridae	STR	Lorisidae	STR	superfamily
Eulemur_flavifrons	Galago_moholi	28.93424658	16.63835616	99.3606340181	0.51503328021747	0.999999999972827	0.605213599422965	0.818825544194172	0.421722405963639	155.801222420733	153.617554296434	2.18366812429991	OU	Lemuridae	STR	Galagidae	STR	superfamily
Eulemur_fulvus	Nycticebus_coucang	34.44931507	22.17534247	99.3606340158	0.514115216836598	0.999999999949678	0.604370411101278	0.818046436963691	0.420570121343158	155.801222420733	153.617554296434	2.18366812429991	OU	Lemuridae	STR	Lorisidae	STR	superfamily
Eulemur_albifrons	Nycticebus_pygmaeus	27.74520548	15.51232877	99.3606340172	0.512393848939912	0.999999999963768	0.602786504035772	0.816578917571847	0.418410014552986	155.801222420733	153.617554296434	2.18366812429991	OU	Lemuridae	STR	Lorisidae	STR	superfamily
Eulemur_sanfordi	Nycticebus_pygmaeus	27.72054795	15.51232877	99.3606340172	0.511361028369447	0.999999999963768	0.601834326863475	0.815694207213115	0.417114228650612	155.801222420733	153.617554296434	2.18366812429991	OU	Lemuridae	STR	Lorisidae	STR	superfamily
Varecia_rubra	Nycticebus_coucang	34.37260274	22.17534247	99.3606340184	0.510901996679011	0.999999999975846	0.60141069566817	0.815299989865802	0.416538392724877	155.801222420733	153.617554296434	2.18366812429991	OU	Lemuridae	STR	Lorisidae	STR	superfamily
Eulemur_coronatus	Galago_moholi	28.82465753	16.63835616	99.3606340181	0.510442965407441	0.999999999972827	0.600986793554223	0.814905149220039	0.415962600904973	155.801222420733	153.617554296434	2.18366812429991	OU	Lemuridae	STR	Galagidae	STR	superfamily
Eulemur_rufus	Otolemur_garnettii	32.16164384	20.00547945	99.3606340174	0.509180629201191	0.999999999965781	0.599819664186305	0.813816118060348	0.414379403062219	155.801222420733	153.617554296434	2.18366812429991	OU	Lemuridae	STR	Galagidae	STR	superfamily
Microcebus_murinus	Perodicticus_potto	17.96438356	30.00273973	99.360634016	0.504246041146918	0.999999999951691	0.59523759481146	0.809513544974922	0.408194000328131	155.801222420733	153.617554296434	2.18366812429991	OU	Cheirogaleidae	STR	Lorisidae	STR	superfamily
Eulemur_albifrons	Microcebus_murinus	27.74520548	17.96438356	71.9834962252	0.409685563599918	0.724466957508857	0.573549263466041	0.72144042596571	0.407974062104707	155.801222420733	153.617554296434	2.18366812429991	OU	Lemuridae	STR	Cheirogaleidae	STR	superfamily
Varecia_variegata	Cheirogaleus_medius	39.38630137	29.62191781	71.983496227	0.408997016273697	0.724466957526973	0.572771522873506	0.72063179315393	0.406831878486257	155.801222420733	153.617554296434	2.18366812429991	OU	Lemuridae	STR	Cheirogaleidae	STR	superfamily
Eulemur_sanfordi	Microcebus_murinus	27.72054795	17.96438356	71.9834962252	0.408652743029453	0.724466957508857	0.572382343364626	0.720226879314454	0.406261026517273	155.801222420733	153.617554296434	2.18366812429991	OU	Lemuridae	STR	Cheirogaleidae	STR	superfamily
Eulemur_collaris	Eulemur_flavifrons	32.35342466	28.93424658	14.8274950171	0.143217810344643	0.149229070076143	0.459832951554649	0.415856258031782	0.399104696310441	155.801222420733	153.617554296434	2.18366812429991	OU	Lemuridae	STR	Lemuridae	STR	family
Eulemur_fulvus	Eulemur_collaris	34.44931507	32.35342466	7.651134656	0.0877897635687157	0.0770036819048309	0.398828889550655	0.337570447894981	0.384854711819003	155.801222420733	153.617554296434	2.18366812429991	OU	Lemuridae	STR	Lemuridae	STR	family
Eulemur_rufus	Eulemur_coronatus	32.16164384	28.82465753	14.8274950171	0.139775074970137	0.149229070076143	0.450050227996401	0.406786326933682	0.38101550398304	155.801222420733	153.617554296434	2.18366812429991	OU	Lemuridae	STR	Lemuridae	STR	family
Eulemur_rubriventer	Loris_tardigradus	32.85205479	21.53972603	99.3606340177	0.473835207467734	0.9999999999688	0.566313780512077	0.781373184966351	0.370242125219806	155.801222420733	153.617554296434	2.18366812429991	OU	Lemuridae	STR	Lorisidae	STR	superfamily
Lemur_catta	Loris_tardigradus	32.72876712	21.53972603	99.3606340177	0.468671103777676	0.9999999999688	0.561286150121391	0.776312257818772	0.363835122759416	155.801222420733	153.617554296434	2.18366812429991	OU	Lemuridae	STR	Lorisidae	STR	superfamily
Galago_moholi	Otolemur_garnettii	16.63835616	20.00547945	15.608317406	0.141037411176387	0.157087538337694	0.443435664419419	0.4032753845272	0.36207147191147	155.801222420733	153.617554296434	2.18366812429991	OU	Galagidae	STR	Galagidae	STR	family
Eulemur_albifrons	Galago_moholi	27.74520548	16.63835616	99.3606340182	0.465228368403171	0.999999999973833	0.557915871933958	0.772892090397217	0.359571326176622	155.801222420733	153.617554296434	2.18366812429991	OU	Lemuridae	STR	Galagidae	STR	superfamily
Daubentonia_madagascariensis	Loris_tardigradus	32.63561644	21.53972603	99.3606340137	0.464769336712735	0.999999999928543	0.557465384385901	0.772433265630027	0.359003296547373	155.801222420733	153.617554296434	2.18366812429991	OU	Daubentoniidae	STR	Lorisidae	STR	superfamily
Eulemur_sanfordi	Galago_moholi	27.72054795	16.63835616	99.3606340182	0.464195547832706	0.999999999973833	0.556901906589829	0.771858806851982	0.35829342170553	155.801222420733	153.617554296434	2.18366812429991	OU	Lemuridae	STR	Galagidae	STR	superfamily
Eulemur_rufus	Eulemur_flavifrons	32.16164384	28.93424658	14.8274950171	0.135184760160109	0.149229070076143	0.436872282046594	0.394593769080244	0.357457591919376	155.801222420733	153.617554296434	2.18366812429991	OU	Lemuridae	STR	Lemuridae	STR	family
Eulemur_collaris	Loris_tardigradus	32.35342466	21.53972603	99.3606340161	0.452949277071718	0.999999999952698	0.545775255535866	0.76039031218522	0.344418242212925	155.801222420733	153.617554296434	2.18366812429991	OU	Lemuridae	STR	Lorisidae	STR	superfamily
Varecia_variegata	Propithecus_coquereli	39.38630137	30.5890411	71.983496228	0.368487491269048	0.724466957537037	0.525580217464091	0.670240141733581	0.340905966525868	155.801222420733	153.617554296434	2.18366812429991	OU	Lemuridae	STR	Indriidae	STR	superfamily
Eulemur_rufus	Varecia_variegata	32.16164384	39.38630137	52.6432531394	0.30261647908568	0.529820020355141	0.507867689860647	0.59278806139937	0.338581837402933	155.801222420733	153.617554296434	2.18366812429991	OU	Lemuridae	STR	Lemuridae	STR	family
Eulemur_rubriventer	Nycticebus_coucang	32.85205479	22.17534247	99.3606340174	0.447211383663898	0.999999999965781	0.540038258396553	0.754384945054779	0.337369535104706	155.801222420733	153.617554296434	2.18366812429991	OU	Lemuridae	STR	Lorisidae	STR	superfamily
Eulemur_rufus	Loris_tardigradus	32.16164384	21.53972603	99.3606340161	0.444916226887184	0.999999999952698	0.537732154587811	0.751953488588171	0.334556308953129	155.801222420733	153.617554296434	2.18366812429991	OU	Lemuridae	STR	Lorisidae	STR	superfamily
Propithecus_coquereli	Otolemur_garnettii	30.5890411	20.00547945	99.360634018	0.443309617017823	0.99999999997182	0.536114050438751	0.750241478548342	0.332589262535523	155.801222420733	153.617554296434	2.18366812429991	OU	Indriidae	STR	Galagidae	STR	superfamily
Lemur_catta	Nycticebus_coucang	32.72876712	22.17534247	99.3606340174	0.442047279973841	0.999999999965781	0.534840472631458	0.748890547875232	0.331045029697694	155.801222420733	153.617554296434	2.18366812429991	OU	Lemuridae	STR	Lorisidae	STR	superfamily
Daubentonia_madagascariensis	Nycticebus_coucang	32.63561644	22.17534247	99.3606340134	0.438145512908899	0.999999999925524	0.530891697553141	0.744682740798656	0.326279401445932	155.801222420733	153.617554296434	2.18366812429991	OU	Daubentoniidae	STR	Lorisidae	STR	superfamily
Eulemur_collaris	Varecia_variegata	32.35342466	39.38630137	52.6432531394	0.294583428901146	0.529820020355141	0.49630469615959	0.580223443449626	0.322608064877672	155.801222420733	153.617554296434	2.18366812429991	OU	Lemuridae	STR	Lemuridae	STR	family
Eulemur_collaris	Nycticebus_coucang	32.35342466	22.17534247	99.3606340158	0.426325453267882	0.999999999949678	0.518816819484358	0.731637417563485	0.311915653686192	155.801222420733	153.617554296434	2.18366812429991	OU	Lemuridae	STR	Lorisidae	STR	superfamily
Eulemur_rubriventer	Eulemur_coronatus	32.85205479	28.82465753	22.8374257191	0.168694055550688	0.229843800255132	0.439017340033699	0.423054428825458	0.310501163129167	155.801222420733	153.617554296434	2.18366812429991	OU	Lemuridae	STR	Lemuridae	STR	family
Daubentonia_madagascariensis	Hapalemur_griseus	32.63561644	23.03013699	92.4969438858	0.402341060322738	0.93092143379879	0.509173961512774	0.705167208221659	0.304770856014096	155.801222420733	153.617554296434	2.18366812429991	OU	Daubentoniidae	STR	Lemuridae	STR	superfamily
Eulemur_rufus	Nycticebus_coucang	32.16164384	22.17534247	99.3606340158	0.418292403083348	0.999999999949678	0.51051498855617	0.722514607024916	0.302222371250481	155.801222420733	153.617554296434	2.18366812429991	OU	Lemuridae	STR	Lorisidae	STR	superfamily
Eulemur_rubriventer	Eulemur_flavifrons	32.85205479	28.93424658	22.8374257191	0.164103740740659	0.229843800255132	0.428308848057618	0.412644468704032	0.294619654022021	155.801222420733	153.617554296434	2.18366812429991	OU	Lemuridae	STR	Lemuridae	STR	family
Lemur_catta	Varecia_variegata	32.72876712	39.38630137	52.643253141	0.278861602195187	0.529820020371244	0.473265815392505	0.554983650978533	0.292106043851581	155.801222420733	153.617554296434	2.18366812429991	OU	Lemuridae	STR	Lemuridae	STR	family
Eulemur_sanfordi	Varecia_rubra	27.72054795	34.37260274	52.6432531402	0.278632086140536	0.529820020363193	0.472925539751026	0.55460888964248	0.291668540209633	155.801222420733	153.617554296434	2.18366812429991	OU	Lemuridae	STR	Lemuridae	STR	family
Eulemur_albifrons	Varecia_rubra	27.74520548	34.37260274	52.6432531402	0.277599265570071	0.529820020363193	0.471392914859673	0.5529202420431	0.289702629592541	155.801222420733	153.617554296434	2.18366812429991	OU	Lemuridae	STR	Lemuridae	STR	family
Cheirogaleus_medius	Otolemur_garnettii	29.62191781	20.00547945	99.360634017	0.402800092013174	0.999999999961756	0.494288956773307	0.704329923176522	0.283704157873985	155.801222420733	153.617554296434	2.18366812429991	OU	Cheirogaleidae	STR	Galagidae	STR	superfamily
Eulemur_rubriventer	Varecia_variegata	32.85205479	39.38630137	52.643253141	0.273697498505129	0.529820020371244	0.465582592159848	0.546508144152223	0.282318346260934	155.801222420733	153.617554296434	2.18366812429991	OU	Lemuridae	STR	Lemuridae	STR	family
Varecia_variegata	Perodicticus_potto	39.38630137	30.00273973	99.360634019	0.393045673513088	0.999999999981884	0.483929161876591	0.692479732573907	0.272176162888605	155.801222420733	153.617554296434	2.18366812429991	OU	Lemuridae	STR	Lorisidae	STR	superfamily
Eulemur_flavifrons	Hapalemur_griseus	28.93424658	23.03013699	47.7997285409	0.247303190337079	0.481073103165723	0.44421832983618	0.508127041005733	0.261210692325837	155.801222420733	153.617554296434	2.18366812429991	OU	Lemuridae	STR	Lemuridae	STR	family
Hapalemur_griseus	Propithecus_coquereli	23.03013699	30.5890411	71.9834962288	0.316616938313819	0.724466957545089	0.461191277965895	0.597636370658946	0.261187616539767	155.801222420733	153.617554296434	2.18366812429991	OU	Lemuridae	STR	Indriidae	STR	superfamily
Nycticebus_coucang	Galago_moholi	22.17534247	16.63835616	43.1545285784	0.231925637294231	0.434322194133404	0.43907089143878	0.488217296829432	0.260705322534021	155.801222420733	153.617554296434	2.18366812429991	OU	Lorisidae	STR	Galagidae	STR	superfamily
Propithecus_coquereli	Loris_tardigradus	30.5890411	21.53972603	99.3606340167	0.379045214703815	0.999999999958736	0.468869719659094	0.674929028692946	0.255828618601312	155.801222420733	153.617554296434	2.18366812429991	OU	Indriidae	STR	Lorisidae	STR	superfamily
Eulemur_coronatus	Hapalemur_griseus	28.82465753	23.03013699	47.7997285409	0.24271287552705	0.481073103165723	0.436859932416486	0.500054178175671	0.252289281412024	155.801222420733	153.617554296434	2.18366812429991	OU	Lemuridae	STR	Lemuridae	STR	family
Eulemur_flavifrons	Otolemur_garnettii	28.93424658	20.00547945	99.3606340181	0.373995869041083	0.999999999972827	0.463384267282587	0.668442411322434	0.249994700533244	155.801222420733	153.617554296434	2.18366812429991	OU	Lemuridae	STR	Galagidae	STR	superfamily
Eulemur_coronatus	Otolemur_garnettii	28.82465753	20.00547945	99.3606340181	0.369405554231054	0.999999999972827	0.458372882244228	0.662473377572195	0.244721345212025	155.801222420733	153.617554296434	2.18366812429991	OU	Lemuridae	STR	Galagidae	STR	superfamily
Eulemur_rubriventer	Eulemur_mongoz	32.85205479	36.2739726	22.837425719	0.143332568371969	0.229843800254125	0.378677868762042	0.36448890055306	0.22729840962246	155.801222420733	153.617554296434	2.18366812429991	OU	Lemuridae	STR	Lemuridae	STR	family
Propithecus_coquereli	Nycticebus_coucang	30.5890411	22.17534247	99.3606340164	0.35242139089998	0.999999999955717	0.4396300253217	0.639792032853184	0.225476398114829	155.801222420733	153.617554296434	2.18366812429991	OU	Indriidae	STR	Lorisidae	STR	superfamily
Cheirogaleus_medius	Loris_tardigradus	29.62191781	21.53972603	99.3606340157	0.338535689699166	0.999999999948672	0.424076615189327	0.620554441934111	0.210079826006829	155.801222420733	153.617554296434	2.18366812429991	OU	Cheirogaleidae	STR	Lorisidae	STR	superfamily
Eulemur_coronatus	Varecia_rubra	28.82465753	34.37260274	52.6432531401	0.2323846685658	0.529820020362186	0.402153103834709	0.475522168768617	0.208569056166365	155.801222420733	153.617554296434	2.18366812429991	OU	Lemuridae	STR	Lemuridae	STR	family
Loris_tardigradus	Galago_moholi	21.53972603	16.63835616	43.1545285787	0.205301813490395	0.434322194136423	0.393246612865693	0.438592183364599	0.207320214907509	155.801222420733	153.617554296434	2.18366812429991	OU	Lorisidae	STR	Galagidae	STR	superfamily
Eulemur_mongoz	Cheirogaleus_medius	36.2739726	29.62191781	71.983496225	0.278632086140536	0.724466957506844	0.411409288921001	0.538842840206778	0.207240514026187	155.801222420733	153.617554296434	2.18366812429991	OU	Lemuridae	STR	Cheirogaleidae	STR	superfamily
Hapalemur_griseus	Cheirogaleus_medius	23.03013699	29.62191781	71.9834962278	0.27610741330917	0.724466957535024	0.408026600924628	0.534771998383744	0.203811245838321	155.801222420733	153.617554296434	2.18366812429991	OU	Lemuridae	STR	Cheirogaleidae	STR	superfamily
Eulemur_flavifrons	Varecia_rubra	28.93424658	34.37260274	52.6432531401	0.227794353755772	0.529820020362186	0.394899384572426	0.467297652687425	0.200913069937887	155.801222420733	153.617554296434	2.18366812429991	OU	Lemuridae	STR	Lemuridae	STR	family
Eulemur_albifrons	Otolemur_garnettii	27.74520548	20.00547945	99.3606340182	0.324190957226783	0.999999999973833	0.407798163940981	0.600030681334994	0.194524520952521	155.801222420733	153.617554296434	2.18366812429991	OU	Lemuridae	STR	Galagidae	STR	superfamily
Eulemur_sanfordi	Otolemur_garnettii	27.72054795	20.00547945	99.3606340182	0.323158136656318	0.999999999973833	0.406618011214844	0.598527651765843	0.193419080686993	155.801222420733	153.617554296434	2.18366812429991	OU	Lemuridae	STR	Galagidae	STR	superfamily
Eulemur_sanfordi	Lemur_catta	27.72054795	32.72876712	47.7997285392	0.209777369435366	0.481073103148614	0.382731780271219	0.440131556947774	0.191924345006404	155.801222420733	153.617554296434	2.18366812429991	OU	Lemuridae	STR	Lemuridae	STR	family
Eulemur_albifrons	Lemur_catta	27.74520548	32.72876712	47.7997285392	0.208744548864901	0.481073103148614	0.380998066844449	0.438197586047476	0.19014024441294	155.801222420733	153.617554296434	2.18366812429991	OU	Lemuridae	STR	Lemuridae	STR	family
Eulemur_rufus	Eulemur_macaco	32.16164384	34.47671233	14.8274950171	0.0969703923510407	0.149229070076143	0.321678323495143	0.289061685000394	0.187834883604373	155.801222420733	153.617554296434	2.18366812429991	OU	Lemuridae	STR	Lemuridae	STR	family
Hapalemur_griseus	Nycticebus_pygmaeus	23.03013699	15.51232877	99.3606340198	0.314895570417133	0.999999999989936	0.397138266430844	0.586381824119861	0.184649038990321	155.801222420733	153.617554296434	2.18366812429991	OU	Lemuridae	STR	Lorisidae	STR	superfamily
Cheirogaleus_medius	Nycticebus_coucang	29.62191781	22.17534247	99.3606340154	0.311911865895331	0.999999999945653	0.393698350942577	0.581942923961317	0.181514903267224	155.801222420733	153.617554296434	2.18366812429991	OU	Cheirogaleidae	STR	Lorisidae	STR	superfamily
Eulemur_flavifrons	Loris_tardigradus	28.93424658	21.53972603	99.3606340168	0.309731466727075	0.999999999959743	0.391179029457107	0.578681442980665	0.179235852109357	155.801222420733	153.617554296434	2.18366812429991	OU	Lemuridae	STR	Lorisidae	STR	superfamily
Nycticebus_pygmaeus	Otolemur_garnettii	15.51232877	20.00547945	43.154528579	0.188202891713129	0.434322194139443	0.362962206171125	0.405539083349927	0.175730435190801	155.801222420733	153.617554296434	2.18366812429991	OU	Lorisidae	STR	Galagidae	STR	superfamily
Eulemur_coronatus	Loris_tardigradus	28.82465753	21.53972603	99.3606340168	0.305141151917046	0.999999999959743	0.385860026789725	0.57176657211083	0.174469510448583	155.801222420733	153.617554296434	2.18366812429991	OU	Lemuridae	STR	Lorisidae	STR	superfamily
Eulemur_albifrons	Hapalemur_griseus	27.74520548	23.03013699	47.799728541	0.197498278522779	0.48107310316673	0.361984177592196	0.416932435340465	0.171166165179501	155.801222420733	153.617554296434	2.18366812429991	OU	Lemuridae	STR	Lemuridae	STR	family
Eulemur_sanfordi	Hapalemur_griseus	27.72054795	23.03013699	47.799728541	0.196465457952314	0.48107310316673	0.360225751351487	0.414960842885702	0.169465870141492	155.801222420733	153.617554296434	2.18366812429991	OU	Lemuridae	STR	Lemuridae	STR	family
Eulemur_fulvus	Varecia_variegata	34.44931507	39.38630137	52.6432531394	0.20679366533243	0.529820020355141	0.361222870089136	0.428857174461719	0.167386930662987	155.801222420733	153.617554296434	2.18366812429991	OU	Lemuridae	STR	Lemuridae	STR	family
Eulemur_macaco	Varecia_variegata	34.47671233	39.38630137	52.6432531401	0.205646086734639	0.529820020362186	0.359360119697609	0.426719135664821	0.165628169966604	155.801222420733	153.617554296434	2.18366812429991	OU	Lemuridae	STR	Lemuridae	STR	family
Daubentonia_madagascariensis	Varecia_variegata	32.63561644	39.38630137	92.496943885	0.282763369260129	0.930921433790739	0.371772245274169	0.538411230330126	0.163540088357081	155.801222420733	153.617554296434	2.18366812429991	OU	Daubentoniidae	STR	Lemuridae	STR	superfamily
Hapalemur_griseus	Perodicticus_potto	23.03013699	30.00273973	99.3606340198	0.29205875606978	0.999999999989936	0.370589853804574	0.55170062542213	0.161128998385328	155.801222420733	153.617554296434	2.18366812429991	OU	Lemuridae	STR	Lorisidae	STR	superfamily
Eulemur_collaris	Eulemur_macaco	32.35342466	34.47671233	14.8274950171	0.0889373421665063	0.149229070076143	0.29634857773256	0.266065091189518	0.158569118212764	155.801222420733	153.617554296434	2.18366812429991	OU	Lemuridae	STR	Lemuridae	STR	family
Eulemur_mongoz	Propithecus_coquereli	36.2739726	30.5890411	71.983496226	0.238122561135887	0.724466957516908	0.356092560235875	0.471175045894496	0.154868910869683	155.801222420733	153.617554296434	2.18366812429991	OU	Lemuridae	STR	Indriidae	STR	superfamily
Eulemur_flavifrons	Nycticebus_coucang	28.93424658	22.17534247	99.3606340165	0.283107642923239	0.999999999956723	0.360049254980201	0.537669078767663	0.15221822556921	155.801222420733	153.617554296434	2.18366812429991	OU	Lemuridae	STR	Lorisidae	STR	superfamily
Eulemur_coronatus	Nycticebus_coucang	28.82465753	22.17534247	99.3606340165	0.278517328113211	0.999999999956723	0.354615321322439	0.530379424467938	0.147719860195425	155.801222420733	153.617554296434	2.18366812429991	OU	Lemuridae	STR	Lorisidae	STR	superfamily
Hapalemur_griseus	Galago_moholi	23.03013699	16.63835616	99.3606340208	0.267730089880391	1	0.341771236084059	0.513001305197638	0.137345885549322	155.801222420733	153.617554296434	2.18366812429991	OU	Lemuridae	STR	Galagidae	STR	superfamily
Eulemur_mongoz	Perodicticus_potto	36.2739726	30.00273973	99.360634017	0.262680743379927	0.999999999961755	0.335723977225356	0.504749058595983	0.132587857937382	155.801222420733	153.617554296434	2.18366812429991	OU	Lemuridae	STR	Lorisidae	STR	superfamily
Eulemur_albifrons	Loris_tardigradus	27.74520548	21.53972603	99.3606340169	0.259926554912776	0.999999999960749	0.33241620526351	0.500216549854438	0.130019564519122	155.801222420733	153.617554296434	2.18366812429991	OU	Lemuridae	STR	Lorisidae	STR	superfamily
Eulemur_sanfordi	Loris_tardigradus	27.72054795	21.53972603	99.3606340169	0.25889373434231	0.999999999960749	0.331174119634489	0.498511200188781	0.129061426233406	155.801222420733	153.617554296434	2.18366812429991	OU	Lemuridae	STR	Lorisidae	STR	superfamily
Hapalemur_griseus	Microcebus_murinus	23.03013699	17.96438356	71.9834962278	0.212187285077139	0.724466957535024	0.319585108903883	0.42534260486109	0.124577514011396	155.801222420733	153.617554296434	2.18366812429991	OU	Lemuridae	STR	Cheirogaleidae	STR	superfamily
Eulemur_coronatus	Lemur_catta	28.82465753	32.72876712	47.7997285391	0.16352995186063	0.481073103147608	0.303135423733125	0.350531645730503	0.119155327489486	155.801222420733	153.617554296434	2.18366812429991	OU	Lemuridae	STR	Lemuridae	STR	family
Eulemur_macaco	Cheirogaleus_medius	34.47671233	29.62191781	71.9834962251	0.203350929539058	0.72446695750785	0.30696813171965	0.409308803216834	0.114889057037167	155.801222420733	153.617554296434	2.18366812429991	OU	Lemuridae	STR	Cheirogaleidae	STR	superfamily
Eulemur_fulvus	Cheirogaleus_medius	34.44931507	29.62191781	71.9834962244	0.202203350941267	0.724466957500805	0.305323207353802	0.407211478632966	0.113655322259804	155.801222420733	153.617554296434	2.18366812429991	OU	Lemuridae	STR	Cheirogaleidae	STR	superfamily
Eulemur_flavifrons	Lemur_catta	28.93424658	32.72876712	47.7997285391	0.158939637050601	0.481073103147608	0.295031053878558	0.341324785320026	0.112768801955851	155.801222420733	153.617554296434	2.18366812429991	OU	Lemuridae	STR	Lemuridae	STR	family
Varecia_rubra	Cheirogaleus_medius	34.37260274	29.62191781	71.983496227	0.19899013078368	0.724466957526973	0.300709785893998	0.401320887754507	0.110231246726693	155.801222420733	153.617554296434	2.18366812429991	OU	Lemuridae	STR	Cheirogaleidae	STR	superfamily
Eulemur_mongoz	Eulemur_fulvus	36.2739726	34.44931507	15.6477288174	0.076428735199269	0.157484188497875	0.249676006000135	0.225483284994679	0.109429412851514	155.801222420733	153.617554296434	2.18366812429991	OU	Lemuridae	STR	Lemuridae	STR	family
Eulemur_albifrons	Nycticebus_coucang	27.74520548	22.17534247	99.3606340166	0.23330273110894	0.99999999995773	0.300115928408333	0.455291862489428	0.10622083497495	155.801222420733	153.617554296434	2.18366812429991	OU	Lemuridae	STR	Lorisidae	STR	superfamily
Eulemur_mongoz	Eulemur_macaco	36.2739726	34.47671233	15.6477288181	0.0752811566014783	0.15748418850492	0.246049210577739	0.222187235856973	0.106210739352261	155.801222420733	153.617554296434	2.18366812429991	OU	Lemuridae	STR	Lemuridae	STR	family
Eulemur_sanfordi	Nycticebus_coucang	27.72054795	22.17534247	99.3606340166	0.232269910538475	0.99999999995773	0.298851425781132	0.453509510190009	0.105336613364634	155.801222420733	153.617554296434	2.18366812429991	OU	Lemuridae	STR	Lorisidae	STR	superfamily
Eulemur_mongoz	Lemur_catta	36.2739726	32.72876712	47.799728539	0.148496672062026	0.481073103146601	0.27646968611916	0.320187277064214	0.0988347608079608	155.801222420733	153.617554296434	2.18366812429991	OU	Lemuridae	STR	Lemuridae	STR	family
Daubentonia_madagascariensis	Eulemur_sanfordi	32.63561644	27.72054795	92.4969438832	0.205875602370424	0.930921433772623	0.275577979119382	0.408069055636083	0.0902454918213092	155.801222420733	153.617554296434	2.18366812429991	OU	Daubentoniidae	STR	Lemuridae	STR	superfamily
Daubentonia_madagascariensis	Eulemur_albifrons	32.63561644	27.74520548	92.4969438832	0.204842781799959	0.930921433772623	0.274251403900198	0.406209218521445	0.0893835111063131	155.801222420733	153.617554296434	2.18366812429991	OU	Daubentoniidae	STR	Lemuridae	STR	superfamily
Eulemur_macaco	Propithecus_coquereli	34.47671233	30.5890411	71.9834962261	0.162841404534409	0.724466957517915	0.24807872862683	0.333308142378028	0.0749190359675593	155.801222420733	153.617554296434	2.18366812429991	OU	Lemuridae	STR	Indriidae	STR	superfamily
Eulemur_fulvus	Propithecus_coquereli	34.44931507	30.5890411	71.9834962254	0.161693825936618	0.72446695751087	0.246387328998714	0.33109948487048	0.0738981149096066	155.801222420733	153.617554296434	2.18366812429991	OU	Lemuridae	STR	Indriidae	STR	superfamily
Varecia_rubra	Propithecus_coquereli	34.37260274	30.5890411	71.983496228	0.158480605779031	0.724466957537037	0.241645140147214	0.32490003526262	0.071073433881788	155.801222420733	153.617554296434	2.18366812429991	OU	Lemuridae	STR	Indriidae	STR	superfamily
Eulemur_macaco	Perodicticus_potto	34.47671233	30.00273973	99.3606340171	0.187399586778448	0.999999999962762	0.243159938111538	0.373410994980539	0.0699770661604881	155.801222420733	153.617554296434	2.18366812429991	OU	Lemuridae	STR	Lorisidae	STR	superfamily
Eulemur_fulvus	Perodicticus_potto	34.44931507	30.00273973	99.3606340164	0.186252008180658	0.999999999955717	0.241717457881072	0.37129760926704	0.0691549253617259	155.801222420733	153.617554296434	2.18366812429991	OU	Lemuridae	STR	Lorisidae	STR	superfamily
Eulemur_mongoz	Varecia_variegata	36.2739726	39.38630137	52.64325314	0.130364930133161	0.52982002036118	0.232709281302309	0.278942017472111	0.0686351123428011	155.801222420733	153.617554296434	2.18366812429991	OU	Lemuridae	STR	Lemuridae	STR	family
Varecia_rubra	Perodicticus_potto	34.37260274	30.00273973	99.360634019	0.183038788023071	0.999999999981884	0.237674049056165	0.365363965511804	0.0668757774357952	155.801222420733	153.617554296434	2.18366812429991	OU	Lemuridae	STR	Lorisidae	STR	superfamily
Microcebus_murinus	Nycticebus_coucang	17.96438356	22.17534247	99.3606340154	0.176382832490978	0.999999999945653	0.229277866327208	0.352998236130817	0.0622628287564564	155.801222420733	153.617554296434	2.18366812429991	OU	Cheirogaleidae	STR	Lorisidae	STR	superfamily
Daubentonia_madagascariensis	Eulemur_coronatus	32.63561644	28.82465753	92.4969438831	0.159628184795688	0.930921433771617	0.21542190575817	0.322315698123573	0.0552685414215562	155.801222420733	153.617554296434	2.18366812429991	OU	Daubentoniidae	STR	Lemuridae	STR	superfamily
Eulemur_rubriventer	Eulemur_macaco	32.85205479	34.47671233	22.8374257191	0.0680514117704902	0.229843800255132	0.185426849871094	0.178050431698508	0.0527165980982694	155.801222420733	153.617554296434	2.18366812429991	OU	Lemuridae	STR	Lemuridae	STR	family
Eulemur_sanfordi	Eulemur_flavifrons	27.72054795	28.93424658	14.8274950179	0.0508377323847645	0.149229070084195	0.172134000317873	0.154050318809958	0.0524801828291883	155.801222420733	153.617554296434	2.18366812429991	OU	Lemuridae	STR	Lemuridae	STR	family
Daubentonia_madagascariensis	Eulemur_flavifrons	32.63561644	28.93424658	92.4969438831	0.15503786998566	0.930921433771617	0.209373504334146	0.313547050298695	0.0522188715986982	155.801222420733	153.617554296434	2.18366812429991	OU	Daubentoniidae	STR	Lemuridae	STR	superfamily
Eulemur_rubriventer	Cheirogaleus_medius	32.85205479	29.62191781	71.983496226	0.135299517768568	0.724466957516908	0.207174121208423	0.279543107865268	0.0522067256446471	155.801222420733	153.617554296434	2.18366812429991	OU	Lemuridae	STR	Cheirogaleidae	STR	superfamily
Eulemur_rubriventer	Eulemur_fulvus	32.85205479	34.44931507	22.8374257184	0.0669038331726996	0.229843800248087	0.182355417747101	0.175096984690617	0.0509679157764503	155.801222420733	153.617554296434	2.18366812429991	OU	Lemuridae	STR	Lemuridae	STR	family
Daubentonia_madagascariensis	Eulemur_mongoz	32.63561644	36.2739726	92.496943883	0.152398439126968	0.93092143377061	0.205889929569754	0.30848580798042	0.0505013139923279	155.801222420733	153.617554296434	2.18366812429991	OU	Daubentoniidae	STR	Lemuridae	STR	superfamily
Eulemur_albifrons	Eulemur_flavifrons	27.74520548	28.93424658	14.8274950179	0.0498049118142994	0.149229070084195	0.168690046477415	0.150958633762188	0.0503821503269501	155.801222420733	153.617554296434	2.18366812429991	OU	Lemuridae	STR	Lemuridae	STR	family
Lemur_catta	Cheirogaleus_medius	32.72876712	29.62191781	71.983496226	0.13013541407851	0.724466957516908	0.199436814603443	0.269296525845063	0.0483735172972792	155.801222420733	153.617554296434	2.18366812429991	OU	Lemuridae	STR	Cheirogaleidae	STR	superfamily
Microcebus_murinus	Loris_tardigradus	17.96438356	21.53972603	99.3606340157	0.149759008687142	0.999999999948672	0.195433008732789	0.302583027590159	0.0453145342597823	155.801222420733	153.617554296434	2.18366812429991	OU	Cheirogaleidae	STR	Lorisidae	STR	superfamily
Eulemur_sanfordi	Eulemur_coronatus	27.72054795	28.82465753	14.8274950179	0.0462474175747357	0.149229070084195	0.156803118129447	0.14029199681725	0.0434777389924112	155.801222420733	153.617554296434	2.18366812429991	OU	Lemuridae	STR	Lemuridae	STR	family
Nycticebus_coucang	Otolemur_garnettii	22.17534247	20.00547945	43.1545285784	0.0908882261178435	0.434322194133404	0.180249866987061	0.202899907504071	0.0424597520495469	155.801222420733	153.617554296434	2.18366812429991	OU	Lorisidae	STR	Galagidae	STR	superfamily
Eulemur_albifrons	Eulemur_coronatus	27.74520548	28.82465753	14.8274950179	0.0452145970042707	0.149229070084195	0.153345246930637	0.137190340784742	0.0415670081436608	155.801222420733	153.617554296434	2.18366812429991	OU	Lemuridae	STR	Lemuridae	STR	family
Eulemur_sanfordi	Propithecus_coquereli	27.72054795	30.5890411	71.9834962262	0.120151480361505	0.724466957518921	0.184423038076603	0.249351060849245	0.0413544037858564	155.801222420733	153.617554296434	2.18366812429991	OU	Lemuridae	STR	Indriidae	STR	superfamily
Eulemur_albifrons	Propithecus_coquereli	27.74520548	30.5890411	71.9834962262	0.11911865979104	0.724466957518921	0.182865915667303	0.247277930569772	0.0406580526270636	155.801222420733	153.617554296434	2.18366812429991	OU	Lemuridae	STR	Indriidae	STR	superfamily
Eulemur_collaris	Cheirogaleus_medius	32.35342466	29.62191781	71.9834962244	0.114413587372552	0.724466957500805	0.17576330860091	0.237811291079141	0.0375570516341076	155.801222420733	153.617554296434	2.18366812429991	OU	Lemuridae	STR	Cheirogaleidae	STR	superfamily
Eulemur_rufus	Varecia_rubra	32.16164384	34.37260274	52.6432531394	0.092609593595663	0.529820020355141	0.166502657848362	0.200226594330559	0.0349984953674785	155.801222420733	153.617554296434	2.18366812429991	OU	Lemuridae	STR	Lemuridae	STR	family
Daubentonia_madagascariensis	Cheirogaleus_medius	32.63561644	29.62191781	92.496943882	0.126233647013568	0.930921433760546	0.171145460119593	0.257599064239277	0.0349306269755205	155.801222420733	153.617554296434	2.18366812429991	OU	Daubentoniidae	STR	Cheirogaleidae	STR	superfamily
Hapalemur_griseus	Otolemur_garnettii	23.03013699	20.00547945	99.3606340208	0.126692678704004	1	0.165808858328811	0.257786877055759	0.0326597099889339	155.801222420733	153.617554296434	2.18366812429991	OU	Lemuridae	STR	Galagidae	STR	superfamily
Eulemur_rufus	Cheirogaleus_medius	32.16164384	29.62191781	71.9834962244	0.106380537188017	0.724466957500805	0.163603882791342	0.221566924088304	0.032534828764201	155.801222420733	153.617554296434	2.18366812429991	OU	Lemuridae	STR	Cheirogaleidae	STR	superfamily
Eulemur_collaris	Varecia_rubra	32.35342466	34.37260274	52.6432531394	0.0845765434111287	0.529820020355141	0.152245025588945	0.183181855581993	0.0292417945067016	155.801222420733	153.617554296434	2.18366812429991	OU	Lemuridae	STR	Lemuridae	STR	family
Eulemur_rubriventer	Perodicticus_potto	32.85205479	30.00273973	99.360634018	0.119348175007958	0.99999999997182	0.156324519810189	0.243329500663924	0.0290409318306555	155.801222420733	153.617554296434	2.18366812429991	OU	Lemuridae	STR	Lorisidae	STR	superfamily
Lemur_catta	Perodicticus_potto	32.72876712	30.00273973	99.360634018	0.1141840713179	0.99999999997182	0.149642159931685	0.233112580458305	0.026617743512901	155.801222420733	153.617554296434	2.18366812429991	OU	Lemuridae	STR	Lorisidae	STR	superfamily
Eulemur_mongoz	Varecia_rubra	36.2739726	34.37260274	52.64325314	0.079641955356856	0.52982002036118	0.143461683606158	0.172667838336548	0.0259552371444734	155.801222420733	153.617554296434	2.18366812429991	OU	Lemuridae	STR	Lemuridae	STR	family
Eulemur_rubriventer	Propithecus_coquereli	32.85205479	30.5890411	71.983496227	0.0947899927639189	0.724466957526973	0.145991192057626	0.197958753339748	0.0259011244083282	155.801222420733	153.617554296434	2.18366812429991	OU	Lemuridae	STR	Indriidae	STR	superfamily
Daubentonia_madagascariensis	Perodicticus_potto	32.63561644	30.00273973	99.360634014	0.110282304252959	0.999999999931563	0.14458610083237	0.22536605442296	0.0248538877838627	155.801222420733	153.617554296434	2.18366812429991	OU	Daubentoniidae	STR	Lorisidae	STR	superfamily
Eulemur_macaco	Lemur_catta	34.47671233	32.72876712	47.7997285391	0.0732155154605479	0.481073103147608	0.138458261881958	0.161247015419392	0.0245405184225886	155.801222420733	153.617554296434	2.18366812429991	OU	Lemuridae	STR	Lemuridae	STR	family
Eulemur_fulvus	Lemur_catta	34.44931507	32.72876712	47.7997285384	0.0720679368627573	0.481073103140563	0.136309476449149	0.158753520060866	0.023782328685177	155.801222420733	153.617554296434	2.18366812429991	OU	Lemuridae	STR	Lemuridae	STR	family
Lemur_catta	Propithecus_coquereli	32.72876712	30.5890411	71.983496227	0.0896258890738612	0.724466957526973	0.138119910497229	0.187380367200236	0.0231813636644463	155.801222420733	153.617554296434	2.18366812429991	OU	Lemuridae	STR	Indriidae	STR	superfamily
Microcebus_murinus	Nycticebus_pygmaeus	17.96438356	15.51232877	99.360634016	0.102708285339994	0.999999999951691	0.134754614889231	0.210265105766642	0.0215959684811676	155.801222420733	153.617554296434	2.18366812429991	OU	Cheirogaleidae	STR	Lorisidae	STR	superfamily
Loris_tardigradus	Otolemur_garnettii	21.53972603	20.00547945	43.1545285787	0.0642644023140079	0.434322194136423	0.127999245596286	0.144251870204684	0.0213442010252647	155.801222420733	153.617554296434	2.18366812429991	OU	Lorisidae	STR	Galagidae	STR	superfamily
Eulemur_collaris	Perodicticus_potto	32.35342466	30.00273973	99.3606340164	0.0984622446119421	0.999999999955717	0.12923378560269	0.20176434631086	0.0198661704213082	155.801222420733	153.617554296434	2.18366812429991	OU	Lemuridae	STR	Lorisidae	STR	superfamily
Lemur_catta	Varecia_rubra	32.72876712	34.37260274	52.643253141	0.0688547167051703	0.529820020371244	0.124200363196925	0.149578148574552	0.019438980501658	155.801222420733	153.617554296434	2.18366812429991	OU	Lemuridae	STR	Lemuridae	STR	family
Eulemur_sanfordi	Perodicticus_potto	27.72054795	30.00273973	99.3606340172	0.0955932981174653	0.999999999963768	0.125499910153332	0.196006950361604	0.0187369508396909	155.801222420733	153.617554296434	2.18366812429991	OU	Lemuridae	STR	Lorisidae	STR	superfamily
Eulemur_sanfordi	Cheirogaleus_medius	27.72054795	29.62191781	71.9834962252	0.0796419553568558	0.724466957508857	0.122863817970893	0.166833202452933	0.0183402739408379	155.801222420733	153.617554296434	2.18366812429991	OU	Lemuridae	STR	Cheirogaleidae	STR	superfamily
Eulemur_albifrons	Perodicticus_potto	27.74520548	30.00273973	99.3606340172	0.0945604775470003	0.999999999963768	0.124155026330099	0.193931664675922	0.0183382708239043	155.801222420733	153.617554296434	2.18366812429991	OU	Lemuridae	STR	Lorisidae	STR	superfamily
Eulemur_albifrons	Cheirogaleus_medius	27.74520548	29.62191781	71.9834962252	0.0786091347863908	0.724466957508857	0.121282893362034	0.164700858949363	0.017871059385654	155.801222420733	153.617554296434	2.18366812429991	OU	Lemuridae	STR	Cheirogaleidae	STR	superfamily
Eulemur_rufus	Perodicticus_potto	32.16164384	30.00273973	99.3606340164	0.0904291944274078	0.999999999955717	0.118771941991456	0.185616994742981	0.0167851953073874	155.801222420733	153.617554296434	2.18366812429991	OU	Lemuridae	STR	Lorisidae	STR	superfamily
Eulemur_rubriventer	Varecia_rubra	32.85205479	34.37260274	52.643253141	0.0636906130151126	0.529820020371244	0.114952682695814	0.138477715320251	0.0166466540307386	155.801222420733	153.617554296434	2.18366812429991	OU	Lemuridae	STR	Lemuridae	STR	family
Daubentonia_madagascariensis	Propithecus_coquereli	32.63561644	30.5890411	92.496943883	0.0857241220089195	0.93092143377061	0.116709869985586	0.176620598429695	0.0162641498840023	155.801222420733	153.617554296434	2.18366812429991	OU	Daubentoniidae	STR	Indriidae	STR	superfamily
Eulemur_coronatus	Propithecus_coquereli	28.82465753	30.5890411	71.9834962261	0.0739040627867689	0.724466957517915	0.114074874462334	0.15497174813611	0.0158089222504577	155.801222420733	153.617554296434	2.18366812429991	OU	Lemuridae	STR	Indriidae	STR	superfamily
Eulemur_collaris	Propithecus_coquereli	32.35342466	30.5890411	71.9834962254	0.0739040623679028	0.72446695751087	0.114074873820767	0.154971747269028	0.0158089220725588	155.801222420733	153.617554296434	2.18366812429991	OU	Lemuridae	STR	Indriidae	STR	superfamily
Microcebus_murinus	Otolemur_garnettii	17.96438356	20.00547945	99.360634017	0.0854946063731345	0.999999999961756	0.112334968982483	0.175658186201749	0.0150178274861117	155.801222420733	153.617554296434	2.18366812429991	OU	Cheirogaleidae	STR	Galagidae	STR	superfamily
Eulemur_flavifrons	Propithecus_coquereli	28.93424658	30.5890411	71.9834962261	0.0693137479767401	0.724466957517915	0.107033547367338	0.145457085890587	0.013916681345128	155.801222420733	153.617554296434	2.18366812429991	OU	Lemuridae	STR	Indriidae	STR	superfamily
Daubentonia_madagascariensis	Eulemur_macaco	32.63561644	34.47671233	92.4969438831	0.0771172825254896	0.930921433771617	0.105063770727123	0.15913790733605	0.0131829416697694	155.801222420733	153.617554296434	2.18366812429991	OU	Daubentoniidae	STR	Lemuridae	STR	superfamily
Daubentonia_madagascariensis	Eulemur_fulvus	32.63561644	34.44931507	92.4969438824	0.075969703927699	0.930921433764571	0.103509188813421	0.156800740633839	0.0127960377852995	155.801222420733	153.617554296434	2.18366812429991	OU	Daubentoniidae	STR	Lemuridae	STR	superfamily
Eulemur_rufus	Propithecus_coquereli	32.16164384	30.5890411	71.9834962254	0.0658710121833684	0.72446695751087	0.101746978997918	0.138307102978473	0.0125753545705425	155.801222420733	153.617554296434	2.18366812429991	OU	Lemuridae	STR	Indriidae	STR	superfamily
Daubentonia_madagascariensis	Varecia_rubra	32.63561644	34.37260274	92.496943885	0.072756483770112	0.930921433790739	0.0991542634964712	0.15024938695811	0.0117427923419629	155.801222420733	153.617554296434	2.18366812429991	OU	Daubentoniidae	STR	Lemuridae	STR	superfamily
Nycticebus_pygmaeus	Galago_moholi	15.51232877	16.63835616	43.154528579	0.0471654805367415	0.434322194139443	0.0941295005070209	0.106139020214567	0.0115262308941821	155.801222420733	153.617554296434	2.18366812429991	OU	Lorisidae	STR	Galagidae	STR	superfamily
Eulemur_rubriventer	Eulemur_rufus	32.85205479	32.16164384	22.8374257184	0.0289189805805504	0.229843800248087	0.0793901704701318	0.076186944146327	0.00958585246102348	155.801222420733	153.617554296434	2.18366812429991	OU	Lemuridae	STR	Lemuridae	STR	family
Nycticebus_coucang	Loris_tardigradus	22.17534247	21.53972603	22.2897034071	0.0266238238038356	0.224331332290351	0.0739980234486107	0.0706765088768431	0.00838794518891303	155.801222420733	153.617554296434	2.18366812429991	OU	Lorisidae	STR	Lorisidae	STR	family
Hapalemur_griseus	Loris_tardigradus	23.03013699	21.53972603	99.3606340195	0.0624282763899963	0.999999999986916	0.0821543278629128	0.128755962663278	0.00803801282410832	155.801222420733	153.617554296434	2.18366812429991	OU	Lemuridae	STR	Lorisidae	STR	superfamily
Microcebus_murinus	Galago_moholi	17.96438356	16.63835616	99.360634017	0.0555428048032526	0.999999999961756	0.0731201737261503	0.114659191887582	0.00636849311415423	155.801222420733	153.617554296434	2.18366812429991	OU	Cheirogaleidae	STR	Galagidae	STR	superfamily
Eulemur_rufus	Eulemur_collaris	32.16164384	32.35342466	5.630114132	0.00803305018453436	0.0566634280012887	0.0444654546192754	0.0364198255503254	0.00516315896650476	155.801222420733	153.617554296434	2.18366812429991	OU	Lemuridae	STR	Lemuridae	STR	family
Eulemur_coronatus	Perodicticus_potto	28.82465753	30.00273973	99.3606340171	0.0493458805427296	0.999999999962762	0.0649813336096953	0.101940863606349	0.00503036167812888	155.801222420733	153.617554296434	2.18366812429991	OU	Lemuridae	STR	Lorisidae	STR	superfamily
Eulemur_rubriventer	Eulemur_collaris	32.85205479	32.35342466	22.8374257184	0.0208859303960161	0.229843800248087	0.0573827287300043	0.0550640042138891	0.00500367187670879	155.801222420733	153.617554296434	2.18366812429991	OU	Lemuridae	STR	Lemuridae	STR	family
Propithecus_coquereli	Cheirogaleus_medius	30.5890411	29.62191781	69.529333389	0.0405095250046488	0.699767408634338	0.0637728410534643	0.0855761543961775	0.00495400232068414	155.801222420733	153.617554296434	2.18366812429991	OU	Indriidae	STR	Cheirogaleidae	STR	superfamily
Eulemur_flavifrons	Perodicticus_potto	28.93424658	30.00273973	99.3606340171	0.0447555657327008	0.999999999962762	0.0589481329495744	0.0925027795841045	0.00414001423228809	155.801222420733	153.617554296434	2.18366812429991	OU	Lemuridae	STR	Lorisidae	STR	superfamily
Eulemur_coronatus	Cheirogaleus_medius	28.82465753	29.62191781	71.9834962251	0.0333945377821201	0.72446695750785	0.0516869282805921	0.0703807285792381	0.00324422235592027	155.801222420733	153.617554296434	2.18366812429991	OU	Lemuridae	STR	Cheirogaleidae	STR	superfamily
Hapalemur_griseus	Nycticebus_coucang	23.03013699	22.17534247	99.3606340192	0.0358044525861607	0.999999999983897	0.0471739722214255	0.0740621079275174	0.00265175323176461	155.801222420733	153.617554296434	2.18366812429991	OU	Lemuridae	STR	Lorisidae	STR	superfamily
Eulemur_rufus	Lemur_catta	32.16164384	32.72876712	47.7997285384	0.0237548768904927	0.481073103140563	0.0451267625113738	0.0526398753670926	0.00259930091853587	155.801222420733	153.617554296434	2.18366812429991	OU	Lemuridae	STR	Lemuridae	STR	family
Eulemur_flavifrons	Cheirogaleus_medius	28.93424658	29.62191781	71.9834962251	0.0288042229720913	0.72446695750785	0.0445901863218617	0.0607265934543125	0.00241444046559515	155.801222420733	153.617554296434	2.18366812429991	OU	Lemuridae	STR	Cheirogaleidae	STR	superfamily
Propithecus_coquereli	Perodicticus_potto	30.5890411	30.00273973	99.360634017	0.0245581822440393	0.999999999961755	0.0323664988445736	0.0508377327361496	0.00124848230545587	155.801222420733	153.617554296434	2.18366812429991	OU	Indriidae	STR	Lorisidae	STR	superfamily
Eulemur_collaris	Lemur_catta	32.35342466	32.72876712	47.7997285384	0.0157218267059584	0.481073103140563	0.0298754609816482	0.0348531718422455	0.00113902757040372	155.801222420733	153.617554296434	2.18366812429991	OU	Lemuridae	STR	Lemuridae	STR	family
Daubentonia_madagascariensis	Eulemur_rufus	32.63561644	32.16164384	92.4969438824	0.019853109825551	0.930921433764571	0.0271210837723861	0.041225649199682	0.000879190564859112	155.801222420733	153.617554296434	2.18366812429991	OU	Daubentoniidae	STR	Lemuridae	STR	superfamily
Cheirogaleus_medius	Perodicticus_potto	29.62191781	30.00273973	99.360634016	0.0159513427606095	0.999999999951691	0.0210264346363294	0.0330337018230145	0.00052693190045613	155.801222420733	153.617554296434	2.18366812429991	OU	Cheirogaleidae	STR	Lorisidae	STR	superfamily
Eulemur_coronatus	Eulemur_flavifrons	28.82465753	28.93424658	13.292473054	0.00459031481002874	0.133780074825382	0.0165437629354817	0.0145749040289496	0.00050009986843079	155.801222420733	153.617554296434	2.18366812429991	OU	Lemuridae	STR	Lemuridae	STR	family
Daubentonia_madagascariensis	Eulemur_collaris	32.63561644	32.35342466	92.4969438824	0.0118200596410167	0.930921433764571	0.0161492428058894	0.0245518061483916	0.000311738243897885	155.801222420733	153.617554296434	2.18366812429991	OU	Daubentoniidae	STR	Lemuridae	STR	superfamily
Daubentonia_madagascariensis	Eulemur_rubriventer	32.63561644	32.85205479	92.496943884	0.0090658707549994	0.930921433780674	0.0123866603594164	0.0188322203074226	0.000183399446120168	155.801222420733	153.617554296434	2.18366812429991	OU	Daubentoniidae	STR	Lemuridae	STR	superfamily
Eulemur_rubriventer	Lemur_catta	32.85205479	32.72876712	47.79972854	0.0051641036900577	0.481073103156665	0.0098151542401806	0.0114513721912625	0.000122925337128783	155.801222420733	153.617554296434	2.18366812429991	OU	Lemuridae	STR	Lemuridae	STR	family
Eulemur_albifrons	Eulemur_sanfordi	27.74520548	27.72054795	5.21120138	0.00103282057046505	0.0524473442762965	0.00594535478201817	0.00484881067640292	9.54853191897994e-05	155.801222420733	153.617554296434	2.18366812429991	OU	Lemuridae	STR	Lemuridae	STR	family
Eulemur_macaco	Varecia_rubra	34.47671233	34.37260274	52.6432531401	0.00436079875537765	0.529820020362186	0.0078979328489831	0.0095292381541529	7.84324643940786e-05	155.801222420733	153.617554296434	2.18366812429991	OU	Lemuridae	STR	Lemuridae	STR	family
Eulemur_fulvus	Varecia_rubra	34.44931507	34.37260274	52.6432531394	0.00321322015758699	0.529820020355141	0.00581957294580943	0.00702162024886535	4.25842943938805e-05	155.801222420733	153.617554296434	2.18366812429991	OU	Lemuridae	STR	Lemuridae	STR	family
Daubentonia_madagascariensis	Lemur_catta	32.63561644	32.72876712	92.496943884	0.00390176706494171	0.930921433780674	0.00533114210243395	0.00810561926312942	3.39730477075755e-05	155.801222420733	153.617554296434	2.18366812429991	OU	Daubentoniidae	STR	Lemuridae	STR	superfamily
Eulemur_fulvus	Eulemur_macaco	34.44931507	34.47671233	14.8274950171	0.00114757859779067	0.149229070076143	0.00391627018798122	0.00349931400512212	2.69098899911275e-05	155.801222420733	153.617554296434	2.18366812429991	OU	Lemuridae	STR	Lemuridae	STR	family
